FishID,CommonName,Date,Region,Location,Latitude,Longitude,mmLength,d13C,d15N,CtoN
ARCI005,Arctic Cisco,2018-08-11,eastern,Kaktovik Lagoon,70.0907,-143.6593,323,-22.37,14.45, 3.88
ARCI014,Arctic Cisco,2018-08-12,eastern,Kaktovik Lagoon,70.0907,-143.6593,128,-25.68, 8.55, 4.16
ARCI021,Arctic Cisco,2017-08-06,eastern,Kaktovik Lagoon,70.0907,-143.6593,48,-25.75, 9.78, 4.61
ARCI038,Arctic Cisco,2017-08-05,eastern,Kaktovik Lagoon,70.0907,-143.6593,57,-25.61, 9.69, 5.90
ARCI040,Arctic Cisco,2017-08-09,eastern,Kaktovik Lagoon,70.0907,-143.6593,79,-24.88,10.04, 4.01
ARCI042,Arctic Cisco,2017-08-09,eastern,Kaktovik Lagoon,70.0907,-143.6593,67,-25.17, 9.00, 3.96
ARCI045,Arctic Cisco,2017-08-07,eastern,Kaktovik Lagoon,70.0907,-143.6593,63,-25.91, 9.33, 4.04
ARCI054,Arctic Cisco,2017-08-09,eastern,Kaktovik Lagoon,70.0907,-143.6593,84,-25.81,10.94, 4.30
ARCI072,Arctic Cisco,2017-08-05,eastern,Jago Lagoon,70.0870,-143.4750,63,-26.83, 9.80, 4.68
ARCI073,Arctic Cisco,2017-08-05,eastern,Jago Lagoon,70.0870,-143.4750,70,-26.26, 9.94, 4.70
ARCI086,Arctic Cisco,2018-07-23,central,Stefansson Sound,70.2929,-147.7982,231,-22.64,13.19, 4.04
ARCI087,Arctic Cisco,2018-07-23,central,Stefansson Sound,70.2929,-147.7982,193,-23.62,12.86, 3.86
ARCI092,Arctic Cisco,2017-08-06,eastern,Jago Lagoon,70.0870,-143.4750,72,-26.46,10.68, 4.31
ARCI094,Arctic Cisco,2017-08-06,eastern,Jago Lagoon,70.0870,-143.4750,63,-26.02, 8.94, 4.10
ARCI108,Arctic Cisco,2017-08-10,eastern,Jago Lagoon,70.0870,-143.4750,150,-26.97, 9.15, 3.83
ARCI109,Arctic Cisco,2017-08-10,eastern,Jago Lagoon,70.0870,-143.4750,151,-22.67,10.74, 4.21
ARCI111,Arctic Cisco,2018-07-23,central,Stefansson Sound,70.2767,-147.7777,111,-23.03,11.00, 3.77
ARCI116,Arctic Cisco,2018-07-23,central,Stefansson Sound,70.2767,-147.7777,84,-23.64,10.59, 3.79
ARCI139,Arctic Cisco,2018-07-21,central,Stefansson Sound,70.2929,-147.7982,152,-22.93,12.74, 3.75
ARCI141,Arctic Cisco,2018-07-21,central,Stefansson Sound,70.2929,-147.7982,134,-23.66,11.96, 3.83
ARCI142,Arctic Cisco,2018-07-21,central,Stefansson Sound,70.2929,-147.7982,139,-22.97,11.94, 3.84
ARCI143,Arctic Cisco,2018-07-21,central,Stefansson Sound,70.2929,-147.7982,263,-22.38,13.70, 3.81
ARCI144,Arctic Cisco,2018-07-23,central,Stefansson Sound,70.2929,-147.7982,282,-22.43,13.77, 3.91
ARCI146,Arctic Cisco,2018-07-26,central,Simpson Lagoon,70.5156,-149.4676,138,-24.37,12.71, 3.85
ARCI150,Arctic Cisco,2018-07-26,central,Simpson Lagoon,70.5156,-149.4676,118,-24.37,10.98, 3.83
ARCI162,Arctic Cisco,2018-07-26,central,Simpson Lagoon,70.5024,-149.3266,158,-24.69,12.09, 3.88
ARCI164,Arctic Cisco,2018-07-26,central,Simpson Lagoon,70.5024,-149.3266,139,-23.69,12.05, 3.73
ARCI171,Arctic Cisco,2018-07-26,central,Simpson Lagoon,70.5024,-149.3266,191,-23.62,13.35, 3.85
ARCI173,Arctic Cisco,2018-07-26,central,Simpson Lagoon,70.5024,-149.3266,89,-23.50, 9.24, 3.87
ARCI187,Arctic Cisco,2018-07-26,central,Simpson Lagoon,70.5156,-149.4676,163,-23.79,10.84, 3.88
ARCI188,Arctic Cisco,2018-07-26,central,Simpson Lagoon,70.5156,-149.4676,162,-24.03,12.32, 3.90
ARCI192,Arctic Cisco,2018-07-26,central,Simpson Lagoon,70.5156,-149.4676,143,-23.03,11.98, 3.83
ARCI197,Arctic Cisco,2018-08-14,eastern,Kaktovik Lagoon,70.1098,-143.5167,204,-29.07,12.05, 3.89
ARCI215,Arctic Cisco,2018-08-11,eastern,Jago Lagoon,70.0870,-143.4750,323,-23.26,14.90, 4.72
ARCI219,Arctic Cisco,2018-08-11,eastern,Jago Lagoon,70.0870,-143.4750,316,-22.01,13.19, 4.06
ARCI227,Arctic Cisco,2017-08-10,eastern,Jago Lagoon,70.0870,-143.4750,359,-24.09,13.63, 5.26
ARCI230,Arctic Cisco,2017-08-08,eastern,Kaktovik Lagoon,70.0907,-143.6593,362,-23.59,13.65, 6.29
ARCI236,Arctic Cisco,2017-08-07,eastern,Jago Lagoon,70.0870,-143.4750,365,-23.69,13.60, 5.06
ARCI240,Arctic Cisco,2018-07-21,central,Stefansson Sound,70.2767,-147.7777,130,-22.84,11.95, 3.91
ARCI255,Arctic Cisco,2019-08-13,eastern,Jago Lagoon,70.0870,-143.4750,348,-21.60,13.53, 3.99
ARCI257,Arctic Cisco,2019-08-13,eastern,Jago Lagoon,70.0918,-143.3705,405,-22.27,13.65, 4.06
ARCI259,Arctic Cisco,2019-08-13,eastern,Jago Lagoon,70.0870,-143.4750,354,-22.93,13.47, 4.96
ARCI262,Arctic Cisco,2019-08-13,eastern,Jago Lagoon,70.0918,-143.3705,375,-25.02,13.38, 9.61
ARCI263,Arctic Cisco,2019-07-30,central,Stefansson Sound,70.2929,-147.7982,142,-22.78,10.93, 4.15
ARCI265,Arctic Cisco,2019-07-30,central,Stefansson Sound,70.2929,-147.7982,310,-22.21,13.63, 4.85
ARCI269,Arctic Cisco,2019-07-30,central,Stefansson Sound,70.2767,-147.7777,133,-24.19, 9.20, 3.95
ARCI277,Arctic Cisco,2019-07-31,central,Stefansson Sound,70.2929,-147.7982,173,-22.24,11.46, 3.80
ARCI284,Arctic Cisco,2019-07-22,central,Simpson Lagoon,70.4986,-149.5987,161,-23.28,12.48, 3.96
ARCI285,Arctic Cisco,2019-07-22,central,Simpson Lagoon,70.4986,-149.5987,157,-22.99,12.33, 3.86
ARCI294,Arctic Cisco,2019-07-28,central,Simpson Lagoon,70.5156,-149.4676,169,-22.23,12.86, 3.93
ARCI297,Arctic Cisco,2019-07-28,central,Simpson Lagoon,70.5156,-149.4676,181,-23.39,12.47, 3.79
ARCI298,Arctic Cisco,2019-07-22,central,Simpson Lagoon,70.5156,-149.4676,165,-22.85,12.50, 3.86
ARCI301,Arctic Cisco,2019-08-13,eastern,Kaktovik Lagoon,70.0907,-143.6593,76,-23.11,10.98, 3.93
ARCI304,Arctic Cisco,2019-08-13,eastern,Kaktovik Lagoon,70.0907,-143.6593,72,-23.98,10.55, 4.18
ARCI305,Arctic Cisco,2019-08-13,eastern,Kaktovik Lagoon,70.0907,-143.6593,187,-22.09,11.94, 3.97
ARCI309,Arctic Cisco,2019-08-13,eastern,Jago Lagoon,70.0918,-143.3705,184,-22.79,10.69, 4.36
ARCI311,Arctic Cisco,2019-07-31,central,Stefansson Sound,70.2929,-147.7982,190,-23.82,12.86, 5.30
ARCI316,Arctic Cisco,2019-08-13,eastern,Kaktovik Lagoon,70.1098,-143.5167,184,-21.96,12.10, 3.93
ARCI317,Arctic Cisco,2019-08-13,eastern,Kaktovik Lagoon,70.1098,-143.5167,348,-22.57,13.65, 4.58
ARCO001,Arctic Cod,2018-07-23,central,Stefansson Sound,70.2767,-147.7777,138,-22.15,15.97, 3.98
ARCO002,Arctic Cod,2018-07-23,central,Stefansson Sound,70.2767,-147.7777,146,-21.15,16.56, 3.95
ARCO003,Arctic Cod,2018-07-21,central,Stefansson Sound,70.3493,-147.8627,81,-21.76,14.96, 4.06
ARCO004,Arctic Cod,2018-07-21,central,Stefansson Sound,70.3493,-147.8627,69,-22.76,14.06, 4.07
ARCO005,Arctic Cod,2018-07-21,central,Stefansson Sound,70.3493,-147.8627,76,-22.54,15.17, 4.11
ARCO006,Arctic Cod,2018-07-21,central,Stefansson Sound,70.3493,-147.8627,73,-22.66,14.31, 4.09
ARCO007,Arctic Cod,2018-07-21,central,Stefansson Sound,70.3493,-147.8627,65,-22.54,14.20, 4.13
ARCO008,Arctic Cod,2018-07-21,central,Stefansson Sound,70.3493,-147.8627,68,-22.38,14.55, 4.07
ARCO009,Arctic Cod,2017-08-08,eastern,Kaktovik Lagoon,70.1555,-143.5856,99,-23.15,14.41, 4.19
ARCO010,Arctic Cod,2018-07-22,central,Stefansson Sound,70.3064,-147.5935,73,-22.56,15.56, 4.11
ARCO011,Arctic Cod,2018-07-27,central,Simpson Lagoon,70.5376,-149.6031,68,-20.84,14.37, 3.95
ARCO012,Arctic Cod,2018-08-16,eastern,Jago Lagoon,70.0962,-143.4782,72,-21.97,13.60, 4.09
ARCO013,Arctic Cod,2018-07-23,central,Stefansson Sound,70.3865,-147.8348,62,-21.74,13.81, 4.08
ARCO014,Arctic Cod,2018-07-23,central,Stefansson Sound,70.3913,-147.8310,69,-21.54,14.06, 4.27
ARCO015,Arctic Cod,2018-07-23,central,Stefansson Sound,70.3913,-147.8310,71,-22.10,14.37, 4.11
ARCO016,Arctic Cod,2019-07-30,central,Stefansson Sound,70.2929,-147.7982,167,-21.79,15.87, 3.91
ARCO017,Arctic Cod,2019-07-31,central,Stefansson Sound,70.2767,-147.7777,93,-21.47,14.34, 4.47
ARCO018,Arctic Cod,2019-07-31,central,Stefansson Sound,70.2767,-147.7777,113,-21.42,14.69, 3.92
ARCO019,Arctic Cod,NA,central,Stefansson Sound,     NA,       NA,117,-22.38,14.80, 3.97
ARCO020,Arctic Cod,2019-07-28,central,Simpson Lagoon,70.4986,-149.5987,97,-21.51,15.55, 3.90
ARCO021,Arctic Cod,2019-07-31,central,Stefansson Sound,70.2767,-147.7777,103,-21.28,14.96, 3.98
ARCO022,Arctic Cod,2019-07-31,central,Stefansson Sound,70.2767,-147.7777,179,-22.35,15.61, 3.91
ARCO023,Arctic Cod,2019-07-28,central,Simpson Lagoon,70.5156,-149.4676,117,-21.98,15.05, 3.89
ARCO024,Arctic Cod,2019-07-28,central,Simpson Lagoon,70.5156,-149.4676,119,-21.17,15.54, 3.97
ARCO025,Arctic Cod,2019-07-28,central,Simpson Lagoon,70.5156,-149.4676,138,-22.37,16.28, 3.88
ARCO026,Arctic Cod,2019-07-28,central,Simpson Lagoon,70.5156,-149.4676,128,-22.36,14.55, 3.95
ARCO027,Arctic Cod,2019-07-28,central,Simpson Lagoon,70.5156,-149.4676,150,-21.72,16.94, 3.83
ARCO028,Arctic Cod,2019-07-31,central,Stefansson Sound,70.2929,-147.7982,93,-21.11,14.07, 3.94
ARCO029,Arctic Cod,2019-07-31,central,Stefansson Sound,70.2929,-147.7982,93,-21.26,14.18, 3.92
ARCO030,Arctic Cod,2019-07-31,central,Stefansson Sound,70.2929,-147.7982,96,-21.24,14.59, 3.99
ARCO031,Arctic Cod,2019-07-31,central,Stefansson Sound,70.2929,-147.7982,102,-21.10,15.26, 3.96
ARCO032,Arctic Cod,2019-07-31,central,Stefansson Sound,70.2929,-147.7982,117,-20.56,14.98, 4.00
ARCO033,Arctic Cod,2019-07-31,central,Stefansson Sound,70.2929,-147.7982,123,-21.82,14.06, 3.93
ARCO034,Arctic Cod,2019-07-31,central,Stefansson Sound,70.2929,-147.7982,122,-20.98,15.65, 3.92
ARCO035,Arctic Cod,2019-07-31,central,Stefansson Sound,70.2929,-147.7982,123,-21.76,15.09, 3.94
ARCO036,Arctic Cod,2019-07-31,central,Stefansson Sound,70.2929,-147.7982,219,-21.66,16.89, 3.82
ARCO037,Arctic Cod,2019-07-31,central,Stefansson Sound,70.2929,-147.7982,102,-20.94,14.37, 3.97
ARCO038,Arctic Cod,2019-07-31,central,Stefansson Sound,70.2929,-147.7982,106,-21.11,15.31, 3.99
ARCO039,Arctic Cod,2019-07-31,central,Stefansson Sound,70.2929,-147.7982,109,-21.16,14.46, 4.03
ARCO040,Arctic Cod,2019-07-31,central,Stefansson Sound,70.2929,-147.7982,96,-21.20,14.94, 3.90
ARCO041,Arctic Cod,2019-07-31,central,Stefansson Sound,70.2929,-147.7982,84,-20.89,14.63, 4.08
ARCO042,Arctic Cod,2019-07-31,central,Stefansson Sound,70.2929,-147.7982,91,-21.10,14.42, 4.07
ARCO043,Arctic Cod,2019-07-31,central,Stefansson Sound,70.2929,-147.7982,87,-20.90,14.87, 4.03
ARCO044,Arctic Cod,2019-07-31,central,Stefansson Sound,70.2929,-147.7982,87,-20.76,14.71, 3.94
ARFL006,Arctic Flounder,2018-08-11,eastern,Kaktovik Lagoon,70.0907,-143.6593,240,-18.62,14.06, 4.00
ARFL012,Arctic Flounder,2017-08-07,eastern,Kaktovik Lagoon,70.0907,-143.6593,198,-18.74,13.14, 3.90
ARFL015,Arctic Flounder,2018-08-11,eastern,Kaktovik Lagoon,70.0907,-143.6593,190,-19.58,12.47, 3.96
ARFL029,Arctic Flounder,2017-08-08,eastern,Kaktovik Lagoon,70.0907,-143.6593,137,-18.97,12.95, 3.90
ARFL050,Arctic Flounder,2017-08-09,eastern,Kaktovik Lagoon,70.0907,-143.6593,147,-20.81,12.10, 3.83
ARFL056,Arctic Flounder,2017-08-06,eastern,Kaktovik Lagoon,70.0907,-143.6593,98,-20.44,10.40, 4.01
ARFL060,Arctic Flounder,2018-08-12,eastern,Kaktovik Lagoon,70.0907,-143.6593,102,-19.94,12.56, 4.00
ARFL063,Arctic Flounder,2018-08-12,eastern,Kaktovik Lagoon,70.0907,-143.6593,200,-19.54,13.43, 3.79
ARFL075,Arctic Flounder,2017-08-07,eastern,Jago Lagoon,70.0870,-143.4750,129,-19.80,11.10, 3.89
ARFL081,Arctic Flounder,2017-08-05,eastern,Jago Lagoon,70.0870,-143.4750,83,-20.02,12.21, 3.93
ARFL091,Arctic Flounder,2017-08-08,eastern,Jago Lagoon,70.0870,-143.4750,191,-17.94,14.32, 3.88
ARFL093,Arctic Flounder,2017-08-05,eastern,Jago Lagoon,70.0870,-143.4750,108,-19.76,12.65, 3.85
ARFL118,Arctic Flounder,2017-08-10,eastern,Jago Lagoon,70.0870,-143.4750,101,-19.68,11.84, 3.83
ARFL137,Arctic Flounder,2018-08-12,eastern,Jago Lagoon,70.0870,-143.4750,207,-22.42,12.09, 3.79
ARFL143,Arctic Flounder,2018-08-11,eastern,Jago Lagoon,70.0918,-143.3705,226,-19.82,12.92, 3.73
ARFL145,Arctic Flounder,2018-08-12,eastern,Jago Lagoon,70.0918,-143.3705,180,-19.15,14.22, 3.79
ARFL151,Arctic Flounder,2018-08-11,eastern,Jago Lagoon,70.0918,-143.3705,175,-19.46,12.65, 3.94
ARFL153,Arctic Flounder,2018-08-11,eastern,Jago Lagoon,70.0918,-143.3705,215,-19.22,13.73, 3.84
ARFL165,Arctic Flounder,2018-07-21,central,Stefansson Sound,70.2929,-147.7982,74,-21.30,11.08, 3.98
ARFL166,Arctic Flounder,2018-07-23,central,Stefansson Sound,70.2929,-147.7982,120,-21.27,10.82, 3.85
ARFL169,Arctic Flounder,2018-07-22,central,Stefansson Sound,70.2929,-147.7982,160,-22.75,11.47,   NA
ARFL170,Arctic Flounder,2018-07-22,central,Stefansson Sound,70.2929,-147.7982,173,-21.80,10.03, 3.81
ARFL171,Arctic Flounder,2018-07-22,central,Stefansson Sound,70.2929,-147.7982,202,-20.47,11.43, 3.93
ARFL172,Arctic Flounder,2018-07-26,central,Simpson Lagoon,70.5156,-149.4676,166,-21.55,12.63, 3.86
ARFL173,Arctic Flounder,2018-07-26,central,Simpson Lagoon,70.5156,-149.4676,165,-21.35,12.95, 3.91
ARFL175,Arctic Flounder,2018-07-26,central,Simpson Lagoon,70.5156,-149.4676,180,-21.28,12.50, 3.88
ARFL182,Arctic Flounder,2018-07-22,central,Stefansson Sound,70.2929,-147.7982,195,-21.80,11.33, 3.94
ARFL184,Arctic Flounder,2018-07-26,central,Simpson Lagoon,70.5156,-149.4676,159,-21.47,12.10, 4.07
ARFL188,Arctic Flounder,2018-07-26,central,Simpson Lagoon,70.5156,-149.4676,217,-21.40,12.31, 4.00
ARFL195,Arctic Flounder,2018-07-22,central,Stefansson Sound,70.2767,-147.7777,223,-21.16,12.41, 3.96
ARFL196,Arctic Flounder,2018-07-21,central,Stefansson Sound,70.2767,-147.7777,52,-22.74,10.54, 4.10
ARFL197,Arctic Flounder,2018-07-21,central,Stefansson Sound,70.2767,-147.7777,135,-21.84,11.13, 3.93
ARFL198,Arctic Flounder,2018-07-21,central,Stefansson Sound,70.2767,-147.7777,154,-21.87,11.31, 3.90
ARFL203,Arctic Flounder,2018-07-26,central,Simpson Lagoon,70.5024,-149.3266,209,-21.23,12.63, 3.80
ARFL208,Arctic Flounder,2018-07-26,central,Simpson Lagoon,70.5024,-149.3266,240,-21.43,13.20, 3.92
ARFL217,Arctic Flounder,2018-07-26,central,Simpson Lagoon,70.5156,-149.4676,223,-21.39,12.76, 3.86
ARFL233,Arctic Flounder,2018-08-11,eastern,Kaktovik Lagoon,70.1098,-143.5167,234,-18.59,12.23, 3.99
ARFL235,Arctic Flounder,2018-08-11,eastern,Kaktovik Lagoon,70.1098,-143.5167,238,-19.81,11.49, 4.20
ARFL239,Arctic Flounder,2018-08-15,eastern,Jago Lagoon,70.1183,-143.4285,93,-20.07,12.76, 3.91
ARFL240,Arctic Flounder,2017-08-06,eastern,Kaktovik Lagoon,70.0867,-143.6305,137,-19.32,12.34, 3.79
ARFL241,Arctic Flounder,2018-08-16,eastern,Kaktovik Lagoon,70.1293,-143.5582,95,-19.82,12.89, 4.05
ARFL242,Arctic Flounder,2018-08-16,eastern,Kaktovik Lagoon,70.1293,-143.5582,119,-19.92,13.38, 3.92
ARFL243,Arctic Flounder,2018-08-15,eastern,Kaktovik Lagoon,70.1254,-143.5547,116,-19.01,13.84, 4.05
ARFL244,Arctic Flounder,2018-08-15,eastern,Kaktovik Lagoon,70.1254,-143.5547,110,-19.19,14.25, 3.94
ARFL245,Arctic Flounder,2018-08-15,eastern,Kaktovik Lagoon,70.1254,-143.5547,170,-17.30,14.67, 3.89
ARFL246,Arctic Flounder,2018-07-27,central,Simpson Lagoon,70.5225,-149.3251,132,-21.50,12.07, 4.03
ARFL247,Arctic Flounder,2018-07-27,central,Simpson Lagoon,70.5225,-149.3251,230,-21.17,13.00, 3.80
ARFL248,Arctic Flounder,2018-07-27,central,Simpson Lagoon,70.5275,-149.3433,127,-21.23,12.66, 4.10
ARFL249,Arctic Flounder,2018-07-27,central,Simpson Lagoon,70.5275,-149.3433,170,-21.02,12.90, 3.88
ARFL250,Arctic Flounder,2017-08-05,eastern,Jago Lagoon,70.0871,-143.4769,61,-18.83,10.40, 4.28
ARFL251,Arctic Flounder,2017-08-06,eastern,Kaktovik Lagoon,70.0998,-143.5795,64,-20.03,11.23, 4.19
ARFL252,Arctic Flounder,2018-07-26,central,Simpson Lagoon,70.5156,-149.4676,88,-19.33,12.02, 3.81
ARFL253,Arctic Flounder,2018-07-26,central,Simpson Lagoon,70.5156,-149.4676,95,-20.76,12.85, 3.85
ARFL258,Arctic Flounder,2019-07-22,central,Simpson Lagoon,70.4986,-149.5987,148,-21.43,12.66, 3.86
ARFL266,Arctic Flounder,2019-07-23,central,Simpson Lagoon,70.4986,-149.5987,167,-21.36,13.31, 3.82
ARFL268,Arctic Flounder,2019-07-23,central,Simpson Lagoon,70.4986,-149.5987,216,-21.16,13.57, 3.81
ARFL272,Arctic Flounder,2019-07-23,central,Simpson Lagoon,70.5156,-149.4676,110,-20.55,13.35, 3.83
ARFL285,Arctic Flounder,2019-07-31,central,Stefansson Sound,70.2767,-147.7777,169,-21.87,11.66, 3.74
ARFL287,Arctic Flounder,2019-07-31,central,Stefansson Sound,70.2767,-147.7777,106,-20.75, 9.69, 3.87
ARFL289,Arctic Flounder,2019-07-30,central,Stefansson Sound,70.2767,-147.7777,136,-21.25,13.11, 3.79
ARFL291,Arctic Flounder,2019-07-30,central,Stefansson Sound,70.2767,-147.7777,117,-20.81,13.38, 3.81
ARFL293,Arctic Flounder,2019-07-31,central,Stefansson Sound,70.2929,-147.7982,185,-20.93,11.44, 3.05
ARFL300,Arctic Flounder,2019-07-22,central,Simpson Lagoon,70.5156,-149.4676,174,-21.62,10.93, 3.83
ARFL303,Arctic Flounder,2019-08-13,eastern,Kaktovik Lagoon,70.0907,-143.6593,117,-20.36,12.05, 3.82
ARFL309,Arctic Flounder,2019-08-13,eastern,Jago Lagoon,70.0918,-143.3705,170,-19.43,10.87, 3.03
ARFL310,Arctic Flounder,2019-08-13,eastern,Jago Lagoon,70.0918,-143.3705,120,-20.09,11.22, 3.29
ARFL312,Arctic Flounder,2019-08-13,eastern,Jago Lagoon,70.0918,-143.3705,210,-19.44,12.32, 4.03
ARFL315,Arctic Flounder,2019-08-13,eastern,Kaktovik Lagoon,70.1098,-143.5167,136,-19.27,12.98, 4.01
ARFL319,Arctic Flounder,2019-08-13,eastern,Kaktovik Lagoon,70.1098,-143.5167,214,-18.04,13.44, 4.97
ARFL320,Arctic Flounder,2019-08-13,eastern,Kaktovik Lagoon,70.1098,-143.5167,188,-19.24,13.08, 3.20
ARFL323,Arctic Flounder,2019-08-13,eastern,Kaktovik Lagoon,70.1098,-143.5167,205,-21.44,10.76, 3.23
ARFL325,Arctic Flounder,2019-08-13,eastern,Jago Lagoon,70.0870,-143.4750,159,-19.92,11.90, 3.47
ARFL326,Arctic Flounder,2019-08-13,eastern,Jago Lagoon,70.0870,-143.4750,209,-19.29,13.43, 3.70
BRWH001,Broad Whitefish,2018-07-22,central,Stefansson Sound,70.2929,-147.7982,143,-23.64, 7.72, 4.04
BRWH004,Broad Whitefish,2018-07-22,central,Stefansson Sound,70.2929,-147.7982,132,-21.88, 8.37, 3.88
BRWH012,Broad Whitefish,2018-07-26,central,Simpson Lagoon,70.5156,-149.4676,264,-20.35,10.68, 3.85
BRWH013,Broad Whitefish,2018-07-26,central,Simpson Lagoon,70.5156,-149.4676,264,-21.63, 9.36, 3.83
BRWH019,Broad Whitefish,2018-07-26,central,Simpson Lagoon,70.5156,-149.4676,135,-24.45,10.70, 3.90
BRWH023,Broad Whitefish,2018-07-26,central,Simpson Lagoon,70.5156,-149.4676,162,-22.63,10.00, 3.92
BRWH024,Broad Whitefish,2018-07-26,central,Simpson Lagoon,70.5156,-149.4676,143,-22.99, 8.27, 3.80
BRWH027,Broad Whitefish,2018-07-26,central,Simpson Lagoon,70.5024,-149.3266,152,-22.60,10.08, 3.88
BRWH031,Broad Whitefish,2018-07-22,central,Stefansson Sound,70.2767,-147.7777,97,-23.83,11.28, 4.27
BRWH033,Broad Whitefish,2018-07-22,central,Stefansson Sound,70.2767,-147.7777,269,-22.51, 8.64, 3.80
BRWH034,Broad Whitefish,2018-07-22,central,Stefansson Sound,70.2767,-147.7777,268,-22.08, 9.89, 3.71
BRWH039,Broad Whitefish,2018-07-23,central,Stefansson Sound,70.2767,-147.7777,292,-23.21, 8.65, 3.97
BRWH041,Broad Whitefish,2018-07-23,central,Stefansson Sound,70.2929,-147.7982,311,-23.70, 9.34, 3.83
BRWH044,Broad Whitefish,2018-07-23,central,Stefansson Sound,70.2929,-147.7982,155,-22.85, 8.75, 3.79
BRWH047,Broad Whitefish,2018-07-26,central,Simpson Lagoon,70.5024,-149.3266,305,-22.06, 9.50, 4.77
BRWH056,Broad Whitefish,2018-07-26,central,Simpson Lagoon,70.5156,-149.4676,383,-21.46,12.09, 3.94
BRWH059,Broad Whitefish,2018-07-26,central,Simpson Lagoon,70.5156,-149.4676,282,-22.48, 9.67, 3.69
BRWH063,Broad Whitefish,2018-07-21,central,Stefansson Sound,70.2767,-147.7777,310,-21.82,10.37, 3.73
BRWH065,Broad Whitefish,2018-07-21,central,Stefansson Sound,70.2767,-147.7777,359,-24.39, 8.97, 3.75
BRWH069,Broad Whitefish,2018-08-13,eastern,Jago Lagoon,70.0918,-143.3705,334,-22.54, 9.68, 3.93
BRWH070,Broad Whitefish,2018-08-13,eastern,Jago Lagoon,70.0918,-143.3705,322,-21.58, 8.73, 3.95
BRWH071,Broad Whitefish,2018-08-12,eastern,Jago Lagoon,70.0918,-143.3705,329,-21.88, 9.38, 3.84
BRWH072,Broad Whitefish,2018-08-12,eastern,Jago Lagoon,70.0918,-143.3705,362,-23.01,10.20, 3.93
BRWH073,Broad Whitefish,2018-08-11,eastern,Jago Lagoon,70.0870,-143.4750,314,-21.54,10.61, 3.84
BRWH079,Broad Whitefish,2018-07-26,central,Simpson Lagoon,70.5024,-149.3266,178,-23.00,10.37, 3.67
BRWH091,Broad Whitefish,2019-07-30,central,Stefansson Sound,70.2929,-147.7982,230,-22.40, 9.27, 3.86
BRWH102,Broad Whitefish,2019-08-13,eastern,Jago Lagoon,70.0918,-143.3705,351,-23.35, 9.33, 4.31
BRWH103,Broad Whitefish,2019-08-13,eastern,Jago Lagoon,70.0918,-143.3705,327,-23.29, 9.21, 3.68
BRWH105,Broad Whitefish,2019-08-13,eastern,Jago Lagoon,70.0918,-143.3705,351,-22.36,10.13, 3.85
BRWH106,Broad Whitefish,2019-08-13,eastern,Jago Lagoon,70.0918,-143.3705,346,-23.42, 9.49, 3.99
BRWH107,Broad Whitefish,2019-07-31,central,Stefansson Sound,70.2929,-147.7982,187,-22.77, 8.82, 3.86
BRWH108,Broad Whitefish,2019-07-31,central,Stefansson Sound,70.2929,-147.7982,318,-23.13, 9.84, 3.89
BRWH110,Broad Whitefish,2019-07-31,central,Stefansson Sound,70.2929,-147.7982,227,-22.03, 9.78, 4.24
BRWH111,Broad Whitefish,2019-07-31,central,Stefansson Sound,70.2929,-147.7982,450,-26.42, 9.45, 4.03
BRWH127,Broad Whitefish,2019-07-28,central,Simpson Lagoon,70.4986,-149.5987,268,-25.03,10.37, 3.79
BRWH138,Broad Whitefish,2019-07-23,central,Simpson Lagoon,70.5156,-149.4676,140,-21.87, 9.85, 3.82
BRWH143,Broad Whitefish,2019-07-28,central,Simpson Lagoon,70.4986,-149.5987,177,-20.02,10.72, 4.06
BRWH144,Broad Whitefish,2019-08-13,eastern,Jago Lagoon,70.0870,-143.4750,314,-21.89,10.08, 3.92
BRWH145,Broad Whitefish,2019-07-22,central,Simpson Lagoon,70.5156,-149.4676,NA,-26.50, 9.33, 4.46
BRWH148,Broad Whitefish,2019-07-23,central,Simpson Lagoon,70.4986,-149.5987,504,-24.67, 7.77, 3.68
CHSA001,Chum Salmon,2017-08-05,eastern,Jago Lagoon,70.0870,-143.4750,585,-21.39,10.91, 4.06
CHSA002,Chum Salmon,2017-08-07,eastern,Kaktovik Lagoon,70.0907,-143.6593,585,-22.21, 9.46, 3.93
CHSA003,Chum Salmon,2019-08-13,eastern,Kaktovik Lagoon,70.0907,-143.6593,598,-21.02,12.15, 4.03
DOVA001,Dolly Varden,2018-07-21,central,Stefansson Sound,70.2767,-147.7777,139,-27.36, 8.48, 3.78
DOVA002,Dolly Varden,2018-07-21,central,Stefansson Sound,70.2767,-147.7777,145,-26.41, 9.48, 3.88
DOVA003,Dolly Varden,2018-07-21,central,Stefansson Sound,70.2767,-147.7777,142,-26.39, 9.20, 3.81
DOVA004,Dolly Varden,2018-07-21,central,Stefansson Sound,70.2767,-147.7777,162,-30.97, 8.86, 3.75
DOVA005,Dolly Varden,2018-07-22,central,Stefansson Sound,70.2767,-147.7777,125,-29.91, 6.78, 3.83
DOVA006,Dolly Varden,2018-07-22,central,Stefansson Sound,70.2767,-147.7777,161,-28.48, 8.20, 3.77
DOVA007,Dolly Varden,2018-07-22,central,Stefansson Sound,70.2767,-147.7777,146,-25.25, 8.97, 3.83
DOVA008,Dolly Varden,2018-07-21,central,Stefansson Sound,70.2767,-147.7777,171,-32.58, 9.06, 3.83
DOVA009,Dolly Varden,2018-07-21,central,Stefansson Sound,70.2767,-147.7777,136,-28.26, 8.42, 3.76
DOVA010,Dolly Varden,2018-07-21,central,Stefansson Sound,70.2929,-147.7982,142,-27.59, 9.26, 3.77
DOVA011,Dolly Varden,2018-07-21,central,Stefansson Sound,70.2929,-147.7982,136,-28.91, 8.08, 3.78
DOVA012,Dolly Varden,2018-07-22,central,Stefansson Sound,70.2929,-147.7982,140,-27.83, 9.40, 3.79
DOVA013,Dolly Varden,2018-07-22,central,Stefansson Sound,70.2929,-147.7982,148,-28.65, 7.18, 3.74
DOVA014,Dolly Varden,2018-07-22,central,Stefansson Sound,70.2929,-147.7982,157,-28.36, 8.52, 3.80
DOVA015,Dolly Varden,2018-07-22,central,Stefansson Sound,70.2929,-147.7982,144,-26.76, 9.44, 3.81
DOVA016,Dolly Varden,2018-07-22,central,Stefansson Sound,70.2929,-147.7982,148,-27.94, 9.79, 3.83
DOVA017,Dolly Varden,2017-08-10,eastern,Jago Lagoon,70.0870,-143.4750,219,-23.44,11.76, 4.58
DOVA018,Dolly Varden,2017-08-10,eastern,Jago Lagoon,70.0870,-143.4750,208,-24.67,11.83, 4.82
DOVA019,Dolly Varden,2018-08-12,eastern,Kaktovik Lagoon,70.0907,-143.6593,168,-24.19, 9.90, 4.00
DOVA020,Dolly Varden,2018-08-12,eastern,Kaktovik Lagoon,70.0907,-143.6593,208,-25.60,11.63, 3.94
DOVA021,Dolly Varden,2018-08-13,eastern,Kaktovik Lagoon,70.0907,-143.6593,203,-29.74, 8.89, 4.39
DOVA022,Dolly Varden,2018-08-13,eastern,Jago Lagoon,70.0918,-143.3705,167,-25.20,11.82, 3.82
DOVA023,Dolly Varden,2018-08-12,eastern,Jago Lagoon,70.0918,-143.3705,189,-23.72,10.56, 4.03
DOVA024,Dolly Varden,2018-08-14,eastern,Jago Lagoon,70.0918,-143.3705,197,-24.38,12.51, 3.93
DOVA025,Dolly Varden,2018-08-14,eastern,Jago Lagoon,70.0918,-143.3705,222,-24.65,11.95, 3.93
DOVA026,Dolly Varden,2018-08-11,eastern,Jago Lagoon,70.0918,-143.3705,182,-22.56,10.70, 3.90
DOVA027,Dolly Varden,2018-08-11,eastern,Jago Lagoon,70.0918,-143.3705,193,-28.71, 9.19, 4.22
DOVA028,Dolly Varden,2018-08-14,eastern,Jago Lagoon,70.0918,-143.3705,172,-23.83,12.37, 3.96
DOVA029,Dolly Varden,2018-08-14,eastern,Jago Lagoon,70.0918,-143.3705,171,-24.05,11.53, 3.86
DOVA030,Dolly Varden,2018-08-14,eastern,Jago Lagoon,70.0918,-143.3705,173,-24.78,11.80, 3.94
DOVA031,Dolly Varden,2018-08-14,eastern,Jago Lagoon,70.0918,-143.3705,171,-24.40,11.72, 3.88
DOVA032,Dolly Varden,2018-08-14,eastern,Jago Lagoon,70.0918,-143.3705,180,-25.23,10.67, 3.93
DOVA033,Dolly Varden,2018-08-11,eastern,Jago Lagoon,70.0870,-143.4750,180,-24.27,11.62, 3.79
DOVA034,Dolly Varden,2018-08-11,eastern,Jago Lagoon,70.0870,-143.4750,197,-23.85,11.93, 4.02
DOVA035,Dolly Varden,2018-08-11,eastern,Jago Lagoon,70.0870,-143.4750,181,-24.14,12.38, 3.84
DOVA036,Dolly Varden,2018-08-11,eastern,Jago Lagoon,70.0870,-143.4750,207,-23.93,11.15, 3.98
DOVA037,Dolly Varden,2018-08-11,eastern,Jago Lagoon,70.0870,-143.4750,218,-23.27,12.04, 4.16
DOVA038,Dolly Varden,2018-08-12,eastern,Jago Lagoon,70.0870,-143.4750,281,-21.62,14.42, 3.85
DOVA039,Dolly Varden,2018-08-12,eastern,Jago Lagoon,70.0870,-143.4750,288,-23.06,13.94, 3.98
DOVA040,Dolly Varden,2018-08-13,eastern,Jago Lagoon,70.0870,-143.4750,264,-22.57,14.02, 3.88
DOVA041,Dolly Varden,2018-07-23,central,Stefansson Sound,70.2767,-147.7777,677,-24.71,15.53, 7.58
DOVA042,Dolly Varden,2018-07-23,central,Stefansson Sound,70.2767,-147.7777,599,-21.85,16.31, 3.94
DOVA043,Dolly Varden,2018-07-23,central,Stefansson Sound,70.2767,-147.7777,518,-21.74,16.88, 4.42
DOVA044,Dolly Varden,2018-07-23,central,Stefansson Sound,70.2929,-147.7982,484,-21.72,16.15, 3.96
DOVA045,Dolly Varden,2018-07-22,central,Stefansson Sound,70.2767,-147.7777,565,-22.84,15.98, 4.33
DOVA046,Dolly Varden,2018-07-22,central,Stefansson Sound,70.2767,-147.7777,477,-22.20,16.67, 4.47
DOVA047,Dolly Varden,2018-07-22,central,Stefansson Sound,70.2767,-147.7777,536,-22.54,16.94, 4.71
DOVA048,Dolly Varden,2018-07-22,central,Stefansson Sound,70.2929,-147.7982,470,-21.15,17.32, 4.51
DOVA049,Dolly Varden,2018-07-22,central,Stefansson Sound,70.2929,-147.7982,529,-22.07,16.46, 4.36
DOVA050,Dolly Varden,2018-07-21,central,Stefansson Sound,70.2767,-147.7777,534,-24.84,15.91, 7.11
DOVA051,Dolly Varden,2018-07-21,central,Stefansson Sound,70.2767,-147.7777,345,-21.16,16.02, 3.80
DOVA052,Dolly Varden,2018-08-13,eastern,Jago Lagoon,70.0870,-143.4750,435,-22.97,14.71, 3.94
DOVA053,Dolly Varden,2018-08-13,eastern,Jago Lagoon,70.0870,-143.4750,405,-21.73,14.69, 3.80
DOVA054,Dolly Varden,2018-08-13,eastern,Jago Lagoon,70.0870,-143.4750,397,-22.51,14.42, 3.75
DOVA055,Dolly Varden,2018-08-13,eastern,Jago Lagoon,70.0870,-143.4750,377,-22.96,14.32, 3.78
DOVA056,Dolly Varden,2018-08-13,eastern,Jago Lagoon,70.0870,-143.4750,396,-22.09,16.20, 4.11
DOVA057,Dolly Varden,2018-08-13,eastern,Jago Lagoon,70.0870,-143.4750,404,-22.95,14.69, 3.81
DOVA058,Dolly Varden,2018-08-13,eastern,Jago Lagoon,70.0870,-143.4750,348,-24.06,13.91, 3.77
DOVA059,Dolly Varden,2018-08-13,eastern,Jago Lagoon,70.0918,-143.3705,452,-23.28,14.99, 4.44
DOVA060,Dolly Varden,2018-08-12,eastern,Jago Lagoon,70.0870,-143.4750,344,-22.52,14.66, 3.86
DOVA061,Dolly Varden,2018-08-12,eastern,Jago Lagoon,70.0870,-143.4750,409,-23.08,15.02, 3.67
DOVA062,Dolly Varden,2018-08-12,eastern,Jago Lagoon,70.0870,-143.4750,564,-21.88,16.22, 4.14
DOVA063,Dolly Varden,2018-08-12,eastern,Jago Lagoon,70.0870,-143.4750,514,-21.72,15.13, 3.60
DOVA064,Dolly Varden,2018-08-12,eastern,Jago Lagoon,70.0918,-143.3705,517,-22.20,15.41, 4.22
DOVA065,Dolly Varden,2018-08-12,eastern,Kaktovik Lagoon,70.0907,-143.6593,479,-21.58,16.71, 3.94
DOVA066,Dolly Varden,2018-08-12,eastern,Kaktovik Lagoon,70.1098,-143.5167,359,-23.56,14.15, 4.07
DOVA067,Dolly Varden,2018-08-11,eastern,Jago Lagoon,70.0918,-143.3705,328,-24.33,13.77, 4.10
DOVA068,Dolly Varden,2018-08-11,eastern,Kaktovik Lagoon,70.1098,-143.5167,427,-23.85,14.68, 4.09
DOVA069,Dolly Varden,2018-08-11,eastern,Jago Lagoon,70.0918,-143.3705,542,-24.30,15.27, 4.47
DOVA070,Dolly Varden,2018-08-11,eastern,Jago Lagoon,70.0918,-143.3705,501,-22.66,15.94, 5.63
DOVA071,Dolly Varden,2018-08-11,eastern,Jago Lagoon,70.0918,-143.3705,500,-22.39,15.68, 3.93
DOVA072,Dolly Varden,2018-08-11,eastern,Jago Lagoon,70.0918,-143.3705,364,-23.08,14.69, 4.13
DOVA073,Dolly Varden,2018-08-11,eastern,Kaktovik Lagoon,70.1098,-143.5167,471,-22.54,15.70, 4.98
DOVA074,Dolly Varden,2017-08-10,eastern,Kaktovik Lagoon,70.0907,-143.6593,612,-24.41,15.31, 5.12
DOVA075,Dolly Varden,2017-08-08,eastern,Jago Lagoon,70.0870,-143.4750,455,-24.91,14.82, 5.31
DOVA076,Dolly Varden,2017-08-08,eastern,Jago Lagoon,70.0870,-143.4750,527,-25.73,14.64, 6.15
DOVA077,Dolly Varden,2017-08-08,eastern,Jago Lagoon,70.0870,-143.4750,484,-24.25,14.18, 4.84
DOVA078,Dolly Varden,2018-08-11,eastern,Jago Lagoon,70.0870,-143.4750,589,-22.00,15.90, 4.06
DOVA079,Dolly Varden,2018-08-11,eastern,Jago Lagoon,70.0870,-143.4750,519,-22.92,15.24, 4.19
DOVA080,Dolly Varden,2018-08-11,eastern,Jago Lagoon,70.0870,-143.4750,320,-23.34,14.82, 4.05
DOVA081,Dolly Varden,2018-08-11,eastern,Jago Lagoon,70.0918,-143.3705,489,-23.55,14.59, 4.44
DOVA082,Dolly Varden,2017-08-08,eastern,Jago Lagoon,70.0870,-143.4750,475,-23.03,14.67, 4.87
DOVA083,Dolly Varden,2017-08-08,eastern,Jago Lagoon,70.0870,-143.4750,585,-24.42,15.34, 5.92
DOVA084,Dolly Varden,2017-08-05,eastern,Jago Lagoon,70.0870,-143.4750,475,-27.07,14.66,10.74
DOVA085,Dolly Varden,2017-08-05,eastern,Jago Lagoon,70.0870,-143.4750,550,-23.22,14.97, 4.58
DOVA086,Dolly Varden,2017-08-05,eastern,Jago Lagoon,70.0870,-143.4750,345,-23.05,14.64, 4.62
DOVA087,Dolly Varden,2017-08-05,eastern,Jago Lagoon,70.0870,-143.4750,473,-25.47,14.31, 6.40
DOVA088,Dolly Varden,2017-08-05,eastern,Jago Lagoon,70.0870,-143.4750,440,-24.80,14.95, 7.12
DOVA089,Dolly Varden,2017-08-05,eastern,Jago Lagoon,70.0870,-143.4750,360,-25.55,13.89, 6.13
DOVA090,Dolly Varden,2017-08-05,eastern,Jago Lagoon,70.0870,-143.4750,320,-24.75,13.99, 5.06
DOVA091,Dolly Varden,2017-08-07,eastern,Jago Lagoon,70.0870,-143.4750,517,-24.55,15.18, 5.82
DOVA092,Dolly Varden,2017-08-07,eastern,Jago Lagoon,70.0870,-143.4750,405,-25.06,14.36, 5.23
DOVA093,Dolly Varden,2017-08-07,eastern,Jago Lagoon,70.0870,-143.4750,430,-25.30,14.36, 5.39
DOVA094,Dolly Varden,2018-07-22,central,Stefansson Sound,70.2767,-147.7777,157,-25.09,10.36, 3.81
DOVA095,Dolly Varden,2018-08-12,eastern,Jago Lagoon,70.0918,-143.3705,218,-27.98, 9.32, 3.84
DOVA096,Dolly Varden,2018-08-12,eastern,Jago Lagoon,70.0918,-143.3705,213,-26.55,12.18, 4.18
DOVA097,Dolly Varden,2018-08-11,eastern,Jago Lagoon,70.0918,-143.3705,171,-30.92, 8.02, 4.26
DOVA098,Dolly Varden,2018-08-11,eastern,Jago Lagoon,70.0918,-143.3705,209,-28.18, 7.09, 4.37
DOVA099,Dolly Varden,2018-08-11,eastern,Jago Lagoon,70.0918,-143.3705,325,-22.06,14.99, 4.08
DOVA100,Dolly Varden,2019-07-30,central,Stefansson Sound,70.2767,-147.7777,452,-23.56,14.20, 5.10
DOVA101,Dolly Varden,2019-07-31,central,Stefansson Sound,70.2929,-147.7982,294,-23.01,13.42, 5.39
DOVA102,Dolly Varden,2019-07-31,central,Stefansson Sound,70.2929,-147.7982,532,-23.59,14.99, 4.85
DOVA103,Dolly Varden,2019-07-31,central,Stefansson Sound,70.2929,-147.7982,409,-21.48,10.47, 3.75
DOVA104,Dolly Varden,2019-07-31,central,Stefansson Sound,70.2767,-147.7777,470,-22.38,14.08, 5.67
DOVA105,Dolly Varden,2019-07-31,central,Stefansson Sound,70.2767,-147.7777,395,-20.98,14.62, 4.12
DOVA106,Dolly Varden,2019-07-30,central,Stefansson Sound,70.2929,-147.7982,434,-21.29,14.52, 4.21
DOVA107,Dolly Varden,2019-07-30,central,Stefansson Sound,70.2929,-147.7982,450,-21.81,14.31, 3.80
DOVA108,Dolly Varden,2019-07-30,central,Stefansson Sound,70.2929,-147.7982,436,-21.05,14.84, 4.23
DOVA109,Dolly Varden,2019-07-30,central,Stefansson Sound,70.2929,-147.7982,485,-22.50,14.81, 5.30
DOVA110,Dolly Varden,2019-07-31,central,Stefansson Sound,70.2767,-147.7777,386,-22.82,14.11, 4.16
DOVA111,Dolly Varden,2019-07-31,central,Stefansson Sound,70.2929,-147.7982,430,-21.35,15.39, 4.45
DOVA112,Dolly Varden,2019-08-13,eastern,Jago Lagoon,70.0870,-143.4750,510,-24.02,13.95, 5.10
DOVA113,Dolly Varden,2019-08-13,eastern,Jago Lagoon,70.0918,-143.3705,250,-32.74, 6.80, 5.16
DOVA114,Dolly Varden,2019-08-13,eastern,Jago Lagoon,70.0918,-143.3705,225,-24.48,12.18, 5.23
DOVA115,Dolly Varden,2019-08-13,eastern,Jago Lagoon,70.0918,-143.3705,183,-30.02, 7.95, 4.34
DOVA116,Dolly Varden,2019-08-13,eastern,Jago Lagoon,70.0870,-143.4750,157,-25.67, 9.50, 3.62
FOSC001,Fourhorn Sculpin,2018-07-26,central,Simpson Lagoon,70.5156,-149.4676,221,-20.78,17.09, 3.84
FOSC002,Fourhorn Sculpin,2018-07-26,central,Simpson Lagoon,70.5156,-149.4676,212,-20.71,17.69, 3.84
FOSC005,Fourhorn Sculpin,2018-07-27,central,Simpson Lagoon,70.5403,-149.5905,177,-21.03,15.75, 3.85
FOSC006,Fourhorn Sculpin,2018-07-27,central,Simpson Lagoon,70.5403,-149.5905,135,-20.62,14.89, 4.01
FOSC007,Fourhorn Sculpin,2018-07-27,central,Simpson Lagoon,70.5400,-149.4871,178,-21.09,15.74, 3.83
FOSC008,Fourhorn Sculpin,2018-07-27,central,Simpson Lagoon,70.5400,-149.4871,156,-20.63,15.23, 3.79
FOSC011,Fourhorn Sculpin,2018-07-26,central,Simpson Lagoon,70.5156,-149.4676,196,-23.99,13.51, 3.80
FOSC012,Fourhorn Sculpin,2018-07-26,central,Simpson Lagoon,70.5156,-149.4676,164,-21.82,14.46, 3.82
FOSC013,Fourhorn Sculpin,2018-07-26,central,Simpson Lagoon,70.5156,-149.4676,218,-21.12,17.19, 3.92
FOSC014,Fourhorn Sculpin,2018-07-26,central,Simpson Lagoon,70.5156,-149.4676,228,-20.81,16.89, 3.79
FOSC027,Fourhorn Sculpin,2018-07-21,central,Stefansson Sound,70.2767,-147.7777,117,-22.26,13.97, 3.83
FOSC028,Fourhorn Sculpin,2018-07-21,central,Stefansson Sound,70.2767,-147.7777,154,-21.91,14.97, 4.04
FOSC036,Fourhorn Sculpin,2018-07-21,central,Stefansson Sound,70.2929,-147.7982,114,-21.64,14.37, 4.17
FOSC043,Fourhorn Sculpin,2018-07-23,central,Stefansson Sound,70.2929,-147.7982,119,-22.19,14.19, 3.86
FOSC044,Fourhorn Sculpin,2018-07-23,central,Stefansson Sound,70.2929,-147.7982,238,-20.63,16.93, 3.66
FOSC055,Fourhorn Sculpin,2018-08-14,eastern,Jago Lagoon,70.0870,-143.4750,62,-21.20,14.10, 3.76
FOSC064,Fourhorn Sculpin,2018-08-14,eastern,Jago Lagoon,70.0870,-143.4750,256,-20.83,17.08, 3.88
FOSC069,Fourhorn Sculpin,2017-08-08,eastern,Jago Lagoon,70.0870,-143.4750,87,-20.62,13.08, 4.18
FOSC070,Fourhorn Sculpin,2017-08-10,eastern,Jago Lagoon,70.0870,-143.4750,202,-18.37,14.88, 3.76
FOSC075,Fourhorn Sculpin,2017-08-09,eastern,Jago Lagoon,70.0870,-143.4750,187,-18.52,14.47, 3.79
FOSC078,Fourhorn Sculpin,2017-08-09,eastern,Jago Lagoon,70.0870,-143.4750,89,-19.43,13.13, 3.72
FOSC087,Fourhorn Sculpin,2017-08-07,eastern,Jago Lagoon,70.0870,-143.4750,59,-19.88,12.74, 3.71
FOSC091,Fourhorn Sculpin,2018-08-11,eastern,Jago Lagoon,70.0918,-143.3705,120,-19.98,14.68, 3.61
FOSC095,Fourhorn Sculpin,2018-08-14,eastern,Jago Lagoon,70.0918,-143.3705,126,-20.15,14.06, 3.63
FOSC103,Fourhorn Sculpin,2017-08-05,eastern,Kaktovik Lagoon,70.0907,-143.6593,177,-17.93,14.92, 3.90
FOSC104,Fourhorn Sculpin,2017-08-05,eastern,Kaktovik Lagoon,70.0907,-143.6593,220,-18.21,16.25, 3.77
FOSC111,Fourhorn Sculpin,2018-07-26,central,Simpson Lagoon,70.5024,-149.3266,137,-21.03,14.02, 3.68
FOSC114,Fourhorn Sculpin,2018-07-26,central,Simpson Lagoon,70.5024,-149.3266,123,-21.53,14.61, 3.66
FOSC117,Fourhorn Sculpin,2018-07-26,central,Simpson Lagoon,70.5024,-149.3266,182,-21.91,14.49, 3.67
FOSC120,Fourhorn Sculpin,2018-07-26,central,Simpson Lagoon,70.5024,-149.3266,261,-20.68,17.20, 3.70
FOSC121,Fourhorn Sculpin,2018-08-12,eastern,Kaktovik Lagoon,70.1098,-143.5167,213,-19.43,16.56, 3.57
FOSC126,Fourhorn Sculpin,2018-07-22,central,Stefansson Sound,70.2767,-147.7777,134,-21.30,14.79, 3.68
FOSC127,Fourhorn Sculpin,2018-07-22,central,Stefansson Sound,70.2767,-147.7777,182,-21.35,13.40, 3.65
FOSC128,Fourhorn Sculpin,2018-07-22,central,Stefansson Sound,70.2767,-147.7777,225,-21.00,14.59, 3.70
FOSC130,Fourhorn Sculpin,2018-07-23,central,Stefansson Sound,70.2767,-147.7777,170,-21.28,14.84, 3.82
FOSC132,Fourhorn Sculpin,2018-07-23,central,Stefansson Sound,70.2767,-147.7777,70,-22.16,12.98, 3.82
FOSC140,Fourhorn Sculpin,2017-08-10,eastern,Kaktovik Lagoon,70.0907,-143.6593,84,-20.00,13.69, 3.71
FOSC143,Fourhorn Sculpin,2017-08-06,eastern,Kaktovik Lagoon,70.0907,-143.6593,171,-19.58,14.91, 3.89
FOSC145,Fourhorn Sculpin,2017-08-06,eastern,Kaktovik Lagoon,70.0907,-143.6593,146,-17.90,13.66, 3.85
FOSC148,Fourhorn Sculpin,2018-08-11,eastern,Kaktovik Lagoon,70.0907,-143.6593,267,-19.73,17.80, 3.94
FOSC156,Fourhorn Sculpin,2017-08-08,eastern,Kaktovik Lagoon,70.0907,-143.6593,156,-19.48,14.88, 3.65
FOSC159,Fourhorn Sculpin,2017-08-09,eastern,Kaktovik Lagoon,70.0907,-143.6593,128,-19.16,14.12, 3.81
FOSC160,Fourhorn Sculpin,2018-08-11,eastern,Kaktovik Lagoon,70.1098,-143.5167,156,-18.85,14.82, 3.89
FOSC164,Fourhorn Sculpin,2018-08-16,eastern,Kaktovik Lagoon,70.1299,-143.5651,208,-19.32,15.33, 3.76
FOSC165,Fourhorn Sculpin,2018-08-16,eastern,Kaktovik Lagoon,70.1299,-143.5651,224,-18.62,15.62, 3.96
FOSC166,Fourhorn Sculpin,2018-08-16,eastern,Kaktovik Lagoon,70.1299,-143.5651,219,-18.76,16.25, 4.00
FOSC167,Fourhorn Sculpin,2018-07-27,central,Simpson Lagoon,70.5378,-149.4793,104,-21.12,14.06, 3.70
FOSC168,Fourhorn Sculpin,2018-07-27,central,Simpson Lagoon,70.5378,-149.4793,65,-21.41,13.31, 4.13
FOSC169,Fourhorn Sculpin,2018-07-27,central,Simpson Lagoon,70.5378,-149.4793,72,-21.46,13.27, 3.83
FOSC170,Fourhorn Sculpin,2018-08-16,eastern,Kaktovik Lagoon,70.1293,-143.5582,145,-19.35,15.56, 3.62
FOSC171,Fourhorn Sculpin,2018-08-16,eastern,Kaktovik Lagoon,70.1293,-143.5582,206,-19.77,15.57, 3.60
FOSC178,Fourhorn Sculpin,2017-08-10,eastern,Jago Lagoon,70.0870,-143.4750,153,-17.70,12.31, 4.16
FOSC180,Fourhorn Sculpin,2018-08-15,eastern,Kaktovik Lagoon,70.1255,-143.5650,130,-19.61,14.59, 3.80
FOSC181,Fourhorn Sculpin,2018-08-15,eastern,Kaktovik Lagoon,70.1254,-143.5547,222,-17.91,15.22, 3.69
FOSC185,Fourhorn Sculpin,2018-08-16,eastern,Jago Lagoon,70.0962,-143.4782,83,-20.41,13.15, 3.80
FOSC186,Fourhorn Sculpin,2019-07-22,central,Simpson Lagoon,70.5156,-149.4676,99,-21.15,13.84, 3.83
FOSC187,Fourhorn Sculpin,2019-07-22,central,Simpson Lagoon,70.5156,-149.4676,108,-21.83,13.89, 3.91
FOSC196,Fourhorn Sculpin,2019-07-22,central,Simpson Lagoon,70.5156,-149.4676,250,-20.58,17.28, 3.76
FOSC198,Fourhorn Sculpin,2019-07-23,central,Simpson Lagoon,70.4986,-149.5987,195,-20.59,16.40, 3.84
FOSC201,Fourhorn Sculpin,2019-07-23,central,Simpson Lagoon,70.4986,-149.5987,185,-20.48,15.48, 3.73
FOSC211,Fourhorn Sculpin,2019-07-31,central,Stefansson Sound,70.2767,-147.7777,104,-22.48,13.72, 3.71
FOSC214,Fourhorn Sculpin,2019-07-31,central,Stefansson Sound,70.2767,-147.7777,193,-21.43,15.51, 3.66
FOSC216,Fourhorn Sculpin,2019-07-31,central,Stefansson Sound,70.2929,-147.7982,74,-22.16,12.04, 3.98
FOSC217,Fourhorn Sculpin,2019-07-31,central,Stefansson Sound,70.2929,-147.7982,131,-20.77,15.32, 3.67
FOSC224,Fourhorn Sculpin,2019-07-30,central,Stefansson Sound,70.2929,-147.7982,219,-20.84,16.46, 3.76
FOSC229,Fourhorn Sculpin,2019-08-13,eastern,Jago Lagoon,70.0918,-143.3705,131,-19.74,14.87, 3.69
FOSC230,Fourhorn Sculpin,2019-08-13,eastern,Kaktovik Lagoon,70.0907,-143.6593,132,-20.53,13.60, 3.61
FOSC231,Fourhorn Sculpin,2019-08-13,eastern,Kaktovik Lagoon,70.0907,-143.6593,183,-19.50,14.67, 3.69
FOSC232,Fourhorn Sculpin,2019-08-13,eastern,Jago Lagoon,70.0870,-143.4750,175,-19.12,15.41, 3.66
FOSC233,Fourhorn Sculpin,2019-08-13,eastern,Jago Lagoon,70.0870,-143.4750,192,-18.64,15.19, 3.68
FOSC234,Fourhorn Sculpin,2019-08-13,eastern,Kaktovik Lagoon,70.1098,-143.5167,238,-19.04,16.65, 3.61
FOSC235,Fourhorn Sculpin,2019-08-13,eastern,Jago Lagoon,70.0918,-143.3705,217,-20.94,14.51, 3.72
HUWH003,Humpback Whitefish,2018-07-21,central,Stefansson Sound,70.2929,-147.7982,431,-21.63,11.60, 3.78
HUWH004,Humpback Whitefish,2018-07-23,central,Stefansson Sound,70.2767,-147.7777,403,-20.81,11.26, 3.67
HUWH009,Humpback Whitefish,2018-07-23,central,Stefansson Sound,70.2767,-147.7777,392,-21.56,11.28, 3.68
HUWH012,Humpback Whitefish,2018-07-23,central,Stefansson Sound,70.2929,-147.7982,350,-21.45,11.93, 3.59
HUWH025,Humpback Whitefish,2018-07-22,central,Stefansson Sound,70.2767,-147.7777,367,-21.21,11.68, 3.71
HUWH026,Humpback Whitefish,2018-07-22,central,Stefansson Sound,70.2767,-147.7777,376,-21.20,12.16, 3.83
HUWH027,Humpback Whitefish,2018-07-26,central,Simpson Lagoon,70.5156,-149.4676,364,-21.42,11.25, 3.66
HUWH029,Humpback Whitefish,2018-07-26,central,Simpson Lagoon,70.5156,-149.4676,360,-27.96, 8.72, 4.80
HUWH030,Humpback Whitefish,2018-07-26,central,Simpson Lagoon,70.5156,-149.4676,389,-24.20,11.88, 3.87
HUWH033,Humpback Whitefish,2018-07-26,central,Simpson Lagoon,70.5156,-149.4676,372,-21.06,13.06, 3.70
HUWH037,Humpback Whitefish,2018-07-26,central,Simpson Lagoon,70.5156,-149.4676,370,-21.46,12.30, 3.48
HUWH039,Humpback Whitefish,2018-07-22,central,Stefansson Sound,70.2929,-147.7982,386,-21.31,11.38, 3.67
HUWH040,Humpback Whitefish,2018-07-21,central,Stefansson Sound,70.2767,-147.7777,375,-22.22,10.91, 3.57
HUWH041,Humpback Whitefish,2018-07-21,central,Stefansson Sound,70.2767,-147.7777,302,-22.29,11.22, 3.65
HUWH055,Humpback Whitefish,2018-07-26,central,Simpson Lagoon,70.5156,-149.4676,166,-23.08,10.99, 3.50
HUWH058,Humpback Whitefish,2018-07-26,central,Simpson Lagoon,70.5156,-149.4676,180,-22.68,12.46, 3.48
HUWH059,Humpback Whitefish,2018-07-26,central,Simpson Lagoon,70.5156,-149.4676,175,-23.12,11.19, 3.55
HUWH061,Humpback Whitefish,2018-07-26,central,Simpson Lagoon,70.5156,-149.4676,252,-22.68,12.03, 3.68
HUWH062,Humpback Whitefish,2018-07-26,central,Simpson Lagoon,70.5156,-149.4676,243,-22.49,11.25, 3.51
HUWH066,Humpback Whitefish,2018-07-22,central,Stefansson Sound,70.2929,-147.7982,295,-21.38,12.19, 3.54
HUWH070,Humpback Whitefish,2019-07-30,central,Stefansson Sound,70.2929,-147.7982,378,-21.70,12.08, 3.61
HUWH072,Humpback Whitefish,2019-07-30,central,Stefansson Sound,70.2767,-147.7777,405,-21.36,12.20, 3.87
HUWH078,Humpback Whitefish,2019-07-30,central,Stefansson Sound,70.2767,-147.7777,257,-22.46,11.55, 3.76
HUWH088,Humpback Whitefish,2019-07-31,central,Stefansson Sound,70.2929,-147.7982,271,-21.55,12.09, 3.70
HUWH089,Humpback Whitefish,2019-07-31,central,Stefansson Sound,70.2929,-147.7982,295,-22.04,10.66, 3.66
HUWH093,Humpback Whitefish,2019-07-22,central,Simpson Lagoon,70.4986,-149.5987,150,-23.00,10.74, 3.74
HUWH095,Humpback Whitefish,2019-07-23,central,Simpson Lagoon,70.4986,-149.5987,265,-21.90,11.83, 3.57
HUWH097,Humpback Whitefish,2019-07-23,central,Simpson Lagoon,70.4986,-149.5987,280,-21.89,10.91, 3.58
HUWH115,Humpback Whitefish,2019-07-23,central,Simpson Lagoon,70.5156,-149.4676,174,-21.66,10.21, 3.65
HUWH118,Humpback Whitefish,2019-07-23,central,Simpson Lagoon,70.4986,-149.5987,390,-25.55, 8.83, 3.66
LECI001,Least Cisco,2017-08-08,eastern,Jago Lagoon,70.0870,-143.4750,128,-24.02,11.88, 3.58
LECI002,Least Cisco,2017-08-07,eastern,Jago Lagoon,70.0870,-143.4750,270,-22.71,13.65, 3.72
LECI005,Least Cisco,2018-08-11,eastern,Kaktovik Lagoon,70.0907,-143.6593,265,-23.30,13.98, 3.55
LECI006,Least Cisco,2018-08-11,eastern,Kaktovik Lagoon,70.1098,-143.5167,297,-24.59,14.83, 3.53
LECI007,Least Cisco,2018-08-12,eastern,Kaktovik Lagoon,70.1098,-143.5167,178,-34.11,13.38, 3.72
LECI008,Least Cisco,2018-07-23,central,Stefansson Sound,70.2929,-147.7982,176,-23.68,12.96, 3.41
LECI009,Least Cisco,2018-07-23,central,Stefansson Sound,70.2929,-147.7982,185,-23.69,12.95, 3.47
LECI010,Least Cisco,2018-07-23,central,Stefansson Sound,70.2929,-147.7982,224,-23.04,13.72, 3.52
LECI012,Least Cisco,2018-07-22,central,Stefansson Sound,70.2929,-147.7982,229,-23.00,13.72, 3.53
LECI017,Least Cisco,2018-07-21,central,Stefansson Sound,70.2929,-147.7982,228,-23.63,12.76, 3.49
LECI020,Least Cisco,2018-08-11,eastern,Kaktovik Lagoon,70.1098,-143.5167,99,-28.37, 9.61, 3.71
LECI024,Least Cisco,2018-07-22,central,Stefansson Sound,70.2767,-147.7777,167,-22.83,12.82, 3.40
LECI031,Least Cisco,2018-07-22,central,Stefansson Sound,70.2767,-147.7777,330,-22.39,14.24, 3.44
LECI034,Least Cisco,2018-07-26,central,Simpson Lagoon,70.5156,-149.4676,199,-22.99,13.35, 3.46
LECI035,Least Cisco,2018-07-26,central,Simpson Lagoon,70.5156,-149.4676,151,-23.05,11.76, 3.40
LECI039,Least Cisco,2018-07-26,central,Simpson Lagoon,70.5024,-149.3266,251,-22.99,13.84, 3.50
LECI043,Least Cisco,2018-07-23,central,Stefansson Sound,70.2767,-147.7777,199,-23.09,12.43, 3.47
LECI046,Least Cisco,2018-07-26,central,Simpson Lagoon,70.5156,-149.4676,262,-25.90,12.07, 3.54
LECI051,Least Cisco,2018-07-23,central,Stefansson Sound,70.2929,-147.7982,343,-22.41,14.39, 3.51
LECI054,Least Cisco,2018-07-26,central,Simpson Lagoon,70.5156,-149.4676,274,-22.69,13.89, 3.47
LECI056,Least Cisco,2018-07-26,central,Simpson Lagoon,70.5156,-149.4676,328,-22.54,14.58, 3.48
LECI059,Least Cisco,2018-07-22,central,Stefansson Sound,70.2929,-147.7982,351,-22.37,14.58, 3.51
LECI061,Least Cisco,2018-07-26,central,Simpson Lagoon,70.5156,-149.4676,306,-23.39,13.90, 3.44
LECI065,Least Cisco,2018-07-26,central,Simpson Lagoon,70.5156,-149.4676,325,-21.95,14.64, 3.46
LECI066,Least Cisco,2018-08-13,eastern,Jago Lagoon,70.0918,-143.3705,367,-22.42,13.45, 3.54
LECI068,Least Cisco,2018-08-13,eastern,Kaktovik Lagoon,70.1098,-143.5167,308,-25.05,14.19, 3.60
LECI069,Least Cisco,2018-08-11,eastern,Jago Lagoon,70.0918,-143.3705,303,-23.01,13.68, 3.70
LECI070,Least Cisco,2017-08-10,eastern,Kaktovik Lagoon,70.0907,-143.6593,294,-23.23,13.49, 3.68
LECI071,Least Cisco,2018-08-11,eastern,Jago Lagoon,70.0870,-143.4750,327,-22.15,14.40, 3.56
LECI073,Least Cisco,2017-08-10,eastern,Jago Lagoon,70.0870,-143.4750,266,-24.00,13.56, 3.81
LECI074,Least Cisco,2017-08-10,eastern,Jago Lagoon,70.0870,-143.4750,308,-22.51,14.83, 3.63
LECI075,Least Cisco,2017-08-05,eastern,Jago Lagoon,70.0870,-143.4750,325,-22.85,13.96, 3.77
LECI076,Least Cisco,2017-08-07,eastern,Jago Lagoon,70.0870,-143.4750,320,-23.04,14.27, 4.10
LECI083,Least Cisco,2018-07-26,central,Simpson Lagoon,70.5024,-149.3266,275,-23.06,14.15, 3.49
LECI084,Least Cisco,2018-08-12,eastern,Jago Lagoon,70.0918,-143.3705,289,-23.69,12.74, 3.69
LECI088,Least Cisco,2018-07-26,central,Simpson Lagoon,70.5156,-149.4676,276,-22.42,14.56, 3.50
LECI093,Least Cisco,2019-08-13,eastern,Jago Lagoon,70.0870,-143.4750,326,-21.43,15.80, 3.71
LECI101,Least Cisco,2019-07-31,central,Stefansson Sound,70.2767,-147.7777,306,-22.13,13.48, 3.70
LECI104,Least Cisco,2019-07-31,central,Stefansson Sound,70.2929,-147.7982,185,-23.46,13.22, 3.65
LECI108,Least Cisco,2019-07-30,central,Stefansson Sound,70.2929,-147.7982,309,-22.48,13.87, 3.71
LECI114,Least Cisco,2019-07-31,central,Stefansson Sound,70.2929,-147.7982,298,-22.45,13.61, 3.81
LECI115,Least Cisco,2019-07-31,central,Stefansson Sound,70.2929,-147.7982,318,-22.37,13.23, 3.66
LECI126,Least Cisco,2019-07-23,central,Simpson Lagoon,70.4986,-149.5987,250,-22.82,13.09, 3.66
LECI133,Least Cisco,2019-07-22,central,Simpson Lagoon,70.5156,-149.4676,91,-23.67, 9.35, 3.83
LECI134,Least Cisco,2019-07-28,central,Simpson Lagoon,70.5156,-149.4676,128,-23.91,11.89, 3.64
LECI137,Least Cisco,2019-07-22,central,Simpson Lagoon,70.5156,-149.4676,321,-21.74,14.14, 3.83
LECI138,Least Cisco,2019-07-22,central,Simpson Lagoon,70.5156,-149.4676,285,-21.27,12.65, 3.70
NIST001,Ninespine Stickleback,2019-08-13,eastern,Jago Lagoon,70.0870,-143.4750,69,-34.08, 9.40, 3.00
NIST002,Ninespine Stickleback,2019-07-28,central,Simpson Lagoon,70.5156,-149.4676,59,-29.81,10.45, 4.95
NIST003,Ninespine Stickleback,2017-08-06,eastern,Kaktovik Lagoon,70.0907,-143.6593,68,-31.77,11.43, 4.67
NIST004,Ninespine Stickleback,2018-08-13,eastern,Jago Lagoon,70.0870,-143.4750,58,-32.77,10.09, 4.55
NIST005,Ninespine Stickleback,2017-08-07,eastern,Jago Lagoon,70.0870,-143.4750,66,-25.17,10.22, 4.45
NIST006,Ninespine Stickleback,2019-08-13,eastern,Jago Lagoon,70.0870,-143.4750,70,-30.96, 9.59, 4.27
NIST007,Ninespine Stickleback,2019-08-13,eastern,Jago Lagoon,70.0870,-143.4750,59,-30.51, 7.74, 4.33
PISA001,Pink Salmon,2017-08-10,eastern,Jago Lagoon,70.0870,-143.4750,432,-20.57,11.45, 4.16
PISA002,Pink Salmon,2017-08-07,eastern,Jago Lagoon,70.0870,-143.4750,425,-20.84,11.56, 4.25
PISA003,Pink Salmon,2019-07-28,central,Simpson Lagoon,70.4986,-149.5987,358,-21.45,11.45, 3.97
PISA004,Pink Salmon,2019-07-28,central,Simpson Lagoon,70.4986,-149.5987,420,-21.69, 9.86, 2.94
PISA005,Pink Salmon,2019-07-28,central,Simpson Lagoon,70.4986,-149.5987,425,-20.78,10.33, 3.66
PISA006,Pink Salmon,2019-07-28,central,Simpson Lagoon,70.5156,-149.4676,443,-21.97,11.02, 4.11
PISA007,Pink Salmon,2019-07-28,central,Simpson Lagoon,70.5156,-149.4676,470,-20.88,11.38, 3.58
PISA008,Pink Salmon,2019-07-23,central,Simpson Lagoon,70.5156,-149.4676,425,-22.36,10.50, 3.65
PISA009,Pink Salmon,2019-07-23,central,Simpson Lagoon,70.5156,-149.4676,369,-21.28,11.14, 3.94
PISA010,Pink Salmon,2019-07-30,central,Stefansson Sound,70.2929,-147.7982,485,-20.45,11.18, 3.63
PISA011,Pink Salmon,2019-07-23,central,Stefansson Sound,70.2929,-147.7982,470,-20.21,11.27, 3.78
PISA012,Pink Salmon,2019-07-23,central,Stefansson Sound,70.2929,-147.7982,388,-21.42,10.40, 3.76
PISA013,Pink Salmon,2019-07-23,central,Stefansson Sound,70.2929,-147.7982,478,-21.64,10.51, 3.86
PISA014,Pink Salmon,2019-07-23,central,Simpson Lagoon,70.4986,-149.5987,455,-20.42,10.81, 4.10
PISA015,Pink Salmon,2019-07-23,central,Simpson Lagoon,70.4986,-149.5987,435,-21.91,10.22, 4.08
PISA016,Pink Salmon,2019-07-23,central,Simpson Lagoon,70.4986,-149.5987,441,-20.79,11.09, 4.12
PISA017,Pink Salmon,2019-07-28,central,Simpson Lagoon,70.5156,-149.4676,358,-20.76,11.50, 4.04
PISA018,Pink Salmon,2019-07-28,central,Simpson Lagoon,70.5156,-149.4676,431,-21.41,10.25, 4.01
PISA019,Pink Salmon,2019-07-28,central,Simpson Lagoon,70.5156,-149.4676,480,-20.23,10.63, 4.02
PISA020,Pink Salmon,2019-08-13,eastern,Jago Lagoon,70.0918,-143.3705,395,-20.67,10.53, 3.98
PISA021,Pink Salmon,2019-08-13,eastern,Jago Lagoon,70.0918,-143.3705,400,-21.10,10.11, 4.17
PISA022,Pink Salmon,2019-08-13,eastern,Jago Lagoon,70.0918,-143.3705,360,-21.57, 9.59, 4.08
PISA023,Pink Salmon,2019-08-13,eastern,Jago Lagoon,70.0870,-143.4750,396,-21.19,10.32, 4.07
PISA024,Pink Salmon,2019-08-13,eastern,Jago Lagoon,70.0870,-143.4750,410,-21.43,10.32, 3.99
PISA025,Pink Salmon,2019-08-13,eastern,Jago Lagoon,70.0918,-143.3705,385,-21.49,10.32, 3.88
PISA026,Pink Salmon,2019-08-13,eastern,Jago Lagoon,70.0918,-143.3705,400,-21.62,10.27, 3.98
PISA027,Pink Salmon,2019-08-13,eastern,Jago Lagoon,70.0918,-143.3705,418,-21.71, 9.57, 4.13
PISA028,Pink Salmon,2019-08-13,eastern,Jago Lagoon,70.0870,-143.4750,378,-21.66, 9.95, 4.06
PISA029,Pink Salmon,2019-08-13,eastern,Jago Lagoon,70.0870,-143.4750,362,-19.68,12.82, 4.08
PISA030,Pink Salmon,2019-08-13,eastern,Jago Lagoon,70.0870,-143.4750,443,-20.48,12.37, 4.12
PISA031,Pink Salmon,2019-07-28,central,Simpson Lagoon,70.4986,-149.5987,392,-21.25,10.17, 3.70
RASM002,Arctic Smelt,2017-08-06,eastern,Jago Lagoon,70.0870,-143.4750,201,-20.71,13.68, 3.51
RASM014,Arctic Smelt,2018-08-12,eastern,Jago Lagoon,70.0870,-143.4750,216,-20.95,14.53, 3.70
RASM018,Arctic Smelt,2017-08-06,eastern,Jago Lagoon,70.0870,-143.4750,194,-20.86,13.98, 3.59
RASM024,Arctic Smelt,2017-08-06,eastern,Jago Lagoon,70.0870,-143.4750,235,-20.76,14.65, 3.60
RASM026,Arctic Smelt,2017-08-10,eastern,Jago Lagoon,70.0870,-143.4750,195,-20.83,13.61, 3.59
RASM030,Arctic Smelt,2018-08-13,eastern,Jago Lagoon,70.0870,-143.4750,113,-21.66,14.01, 3.59
RASM045,Arctic Smelt,2018-08-13,eastern,Kaktovik Lagoon,70.0907,-143.6593,187,-22.21,14.24, 3.53
RASM046,Arctic Smelt,2017-08-05,eastern,Kaktovik Lagoon,70.0907,-143.6593,175,-20.66,14.05, 3.68
RASM047,Arctic Smelt,2018-08-14,eastern,Kaktovik Lagoon,70.0907,-143.6593,208,-21.10,14.79, 3.51
RASM048,Arctic Smelt,2018-08-14,eastern,Kaktovik Lagoon,70.0907,-143.6593,179,-23.64,14.18, 3.69
RASM053,Arctic Smelt,2017-08-08,eastern,Kaktovik Lagoon,70.0907,-143.6593,82,-22.61,13.18, 3.73
RASM054,Arctic Smelt,2017-08-08,eastern,Kaktovik Lagoon,70.0907,-143.6593,197,-20.51,13.88, 3.52
RASM056,Arctic Smelt,2017-08-07,eastern,Kaktovik Lagoon,70.0907,-143.6593,193,-20.69,14.08, 3.52
RASM058,Arctic Smelt,2017-08-07,eastern,Kaktovik Lagoon,70.0907,-143.6593,184,-20.42,13.92, 3.60
RASM061,Arctic Smelt,2017-08-07,eastern,Kaktovik Lagoon,70.0907,-143.6593,199,-19.47,13.97, 3.93
RASM062,Arctic Smelt,2017-08-07,eastern,Kaktovik Lagoon,70.0907,-143.6593,217,-20.52,14.84, 3.88
RASM063,Arctic Smelt,2018-07-22,central,Stefansson Sound,70.2929,-147.7982,177,-21.95,14.78, 3.92
RASM066,Arctic Smelt,2018-07-21,central,Stefansson Sound,70.2929,-147.7982,70,-23.32,14.20, 3.90
RASM068,Arctic Smelt,2018-07-21,central,Stefansson Sound,70.2929,-147.7982,218,-21.52,15.04, 3.79
RASM073,Arctic Smelt,2018-07-21,central,Stefansson Sound,70.2767,-147.7777,63,-22.72,13.95, 3.96
RASM074,Arctic Smelt,2018-07-21,central,Stefansson Sound,70.2767,-147.7777,137,-22.32,14.18, 3.86
RASM075,Arctic Smelt,2018-07-23,central,Stefansson Sound,70.2767,-147.7777,260,-21.71,16.06, 3.95
RASM079,Arctic Smelt,2018-08-13,eastern,Jago Lagoon,70.0918,-143.3705,110,-21.91,16.04, 4.24
RASM085,Arctic Smelt,2018-08-11,eastern,Jago Lagoon,70.0918,-143.3705,138,-21.79,14.37, 3.88
RASM089,Arctic Smelt,2018-08-14,eastern,Jago Lagoon,70.0918,-143.3705,196,-21.23,14.36, 3.84
RASM090,Arctic Smelt,2018-08-11,eastern,Jago Lagoon,70.0918,-143.3705,110,-21.11,14.70, 3.87
RASM101,Arctic Smelt,2018-07-26,central,Simpson Lagoon,70.5024,-149.3266,218,-21.37,16.44, 3.84
RASM104,Arctic Smelt,2018-07-23,central,Stefansson Sound,70.2767,-147.7777,118,-22.74,14.29, 3.87
RASM105,Arctic Smelt,2018-07-23,central,Stefansson Sound,70.2767,-147.7777,265,-21.20,16.81, 3.82
RASM107,Arctic Smelt,2018-07-23,central,Stefansson Sound,70.2767,-147.7777,194,-22.34,15.12, 3.86
RASM109,Arctic Smelt,2018-07-26,central,Simpson Lagoon,70.5024,-149.3266,182,-22.44,15.04, 3.84
RASM111,Arctic Smelt,2018-07-26,central,Simpson Lagoon,70.5024,-149.3266,96,-22.69,14.27, 3.82
RASM115,Arctic Smelt,2018-07-26,central,Simpson Lagoon,70.5156,-149.4676,135,-24.40,11.15, 3.77
RASM123,Arctic Smelt,2018-07-26,central,Simpson Lagoon,70.5156,-149.4676,241,-21.79,16.28, 3.89
RASM124,Arctic Smelt,2018-07-26,central,Simpson Lagoon,70.5156,-149.4676,190,-22.37,15.00, 3.88
RASM128,Arctic Smelt,2018-07-26,central,Simpson Lagoon,70.5156,-149.4676,253,-21.48,16.66, 3.89
RASM129,Arctic Smelt,2018-07-26,central,Simpson Lagoon,70.5156,-149.4676,269,-21.05,16.94, 3.86
RASM133,Arctic Smelt,2018-07-26,central,Simpson Lagoon,70.5156,-149.4676,190,-21.36,15.59, 3.86
RASM136,Arctic Smelt,2018-07-26,central,Simpson Lagoon,70.5156,-149.4676,213,-22.01,15.48, 3.93
RASM141,Arctic Smelt,2019-08-13,eastern,Kaktovik Lagoon,70.0907,-143.6593,148,-20.98,13.63, 4.18
RASM143,Arctic Smelt,2019-07-22,central,Simpson Lagoon,70.4986,-149.5987,103,-23.14,13.98, 4.14
RASM147,Arctic Smelt,2019-07-23,central,Simpson Lagoon,70.4986,-149.5987,271,-21.25,16.64, 3.87
RASM150,Arctic Smelt,2019-07-22,central,Simpson Lagoon,70.5156,-149.4676,281,-21.25,16.31, 3.96
RASM157,Arctic Smelt,2019-07-30,central,Stefansson Sound,70.2929,-147.7982,93,-23.03,13.35, 4.17
RASM159,Arctic Smelt,2019-07-23,central,Simpson Lagoon,70.4986,-149.5987,130,-23.50,14.19, 4.03
RASM164,Arctic Smelt,2019-08-13,eastern,Jago Lagoon,70.0918,-143.3705,177,-20.54,14.14, 4.32
RASM165,Arctic Smelt,2019-08-13,eastern,Kaktovik Lagoon,70.0907,-143.6593,189,-21.08,14.40, 4.27
RASM166,Arctic Smelt,2019-08-13,eastern,Kaktovik Lagoon,70.0907,-143.6593,166,-21.08,13.77, 4.05
RASM167,Arctic Smelt,2019-08-13,eastern,Kaktovik Lagoon,70.0907,-143.6593,164,-21.00,13.82, 4.06
RASM168,Arctic Smelt,2019-08-13,eastern,Kaktovik Lagoon,70.0907,-143.6593,164,-20.84,14.39, 4.10
SACO001,Saffron Cod,2018-08-12,eastern,Kaktovik Lagoon,70.1098,-143.5167,114,-20.34,13.37, 3.82
SACO002,Saffron Cod,2018-08-12,eastern,Kaktovik Lagoon,70.1098,-143.5167,258,-22.98,13.53, 3.77
SACO003,Saffron Cod,2018-08-11,eastern,Kaktovik Lagoon,70.1098,-143.5167,181,-18.94,14.82, 3.81
SACO004,Saffron Cod,2018-08-11,eastern,Kaktovik Lagoon,70.1098,-143.5167,249,-21.59,14.27, 3.78
SACO005,Saffron Cod,2018-08-12,eastern,Kaktovik Lagoon,70.1098,-143.5167,187,-20.15,13.50, 3.81
SACO006,Saffron Cod,2018-08-12,eastern,Kaktovik Lagoon,70.1098,-143.5167,274,-19.32,14.26, 3.81
SACO007,Saffron Cod,2018-08-14,eastern,Kaktovik Lagoon,70.1098,-143.5167,137,-21.97,14.11, 3.83
SACO008,Saffron Cod,2018-08-14,eastern,Kaktovik Lagoon,70.1098,-143.5167,280,-20.22,14.55, 3.83
SACO009,Saffron Cod,2018-08-14,eastern,Kaktovik Lagoon,70.1098,-143.5167,278,-22.86,13.26, 3.75
SACO012,Saffron Cod,2017-08-08,eastern,Jago Lagoon,70.0870,-143.4750,37,-22.86,10.73, 3.98
SACO013,Saffron Cod,2017-08-08,eastern,Jago Lagoon,70.0870,-143.4750,32,-22.14,11.19, 4.08
SACO014,Saffron Cod,2017-08-08,eastern,Jago Lagoon,70.0870,-143.4750,118,-20.47,12.44, 3.85
SACO015,Saffron Cod,2017-08-08,eastern,Jago Lagoon,70.0870,-143.4750,114,-20.72,13.08, 3.84
SACO016,Saffron Cod,2017-08-09,eastern,Jago Lagoon,70.0870,-143.4750,112,-20.35,12.63, 3.82
SACO017,Saffron Cod,2017-08-09,eastern,Jago Lagoon,70.0870,-143.4750,138,-19.62,11.99, 3.80
SACO018,Saffron Cod,2017-08-09,eastern,Jago Lagoon,70.0870,-143.4750,198,-19.38,13.24, 3.81
SACO019,Saffron Cod,2018-08-12,eastern,Jago Lagoon,70.0870,-143.4750,141,-20.19,13.99, 3.77
SACO020,Saffron Cod,2018-08-12,eastern,Jago Lagoon,70.0870,-143.4750,183,-20.57,14.11, 3.81
SACO021,Saffron Cod,2018-08-12,eastern,Jago Lagoon,70.0870,-143.4750,168,-19.81,14.59, 3.82
SACO022,Saffron Cod,2018-08-12,eastern,Jago Lagoon,70.0870,-143.4750,195,-18.83,15.58, 3.75
SACO023,Saffron Cod,2018-08-12,eastern,Jago Lagoon,70.0870,-143.4750,94,-21.82,13.46, 3.83
SACO024,Saffron Cod,2018-08-12,eastern,Jago Lagoon,70.0870,-143.4750,230,-19.05,14.99, 3.80
SACO025,Saffron Cod,2018-08-11,eastern,Jago Lagoon,70.0870,-143.4750,181,-18.53,14.80, 3.84
SACO026,Saffron Cod,2018-08-11,eastern,Jago Lagoon,70.0870,-143.4750,188,-20.14,13.23, 3.80
SACO027,Saffron Cod,2018-08-11,eastern,Jago Lagoon,70.0870,-143.4750,248,-18.80,15.51, 3.80
SACO028,Saffron Cod,2017-08-06,eastern,Jago Lagoon,70.0870,-143.4750,337,-22.96,13.07, 4.09
SACO029,Saffron Cod,2017-08-06,eastern,Kaktovik Lagoon,70.0907,-143.6593,133,-19.44,13.45, 3.85
SACO030,Saffron Cod,2017-08-06,eastern,Kaktovik Lagoon,70.0907,-143.6593,123,-19.70,13.39, 3.82
SACO031,Saffron Cod,2017-08-06,eastern,Kaktovik Lagoon,70.0907,-143.6593,120,-20.00,13.11, 3.84
SACO032,Saffron Cod,2017-08-10,eastern,Kaktovik Lagoon,70.0907,-143.6593,109,-19.31,13.44, 3.88
SACO033,Saffron Cod,2017-08-10,eastern,Kaktovik Lagoon,70.0907,-143.6593,93,-20.24,13.60, 3.88
SACO034,Saffron Cod,2017-08-10,eastern,Kaktovik Lagoon,70.0907,-143.6593,95,-20.50,13.20, 3.83
SACO035,Saffron Cod,2017-08-10,eastern,Kaktovik Lagoon,70.0907,-143.6593,121,-19.54,13.36, 3.86
SACO036,Saffron Cod,2017-08-08,eastern,Kaktovik Lagoon,70.0907,-143.6593,103,-20.03,13.24, 3.81
SACO037,Saffron Cod,2017-08-08,eastern,Kaktovik Lagoon,70.0907,-143.6593,126,-18.66,13.89, 3.86
SACO038,Saffron Cod,2017-08-08,eastern,Kaktovik Lagoon,70.0907,-143.6593,137,-19.64,13.62, 3.89
SACO039,Saffron Cod,2017-08-08,eastern,Kaktovik Lagoon,70.0907,-143.6593,124,-20.27,13.67, 3.87
SACO040,Saffron Cod,2017-08-08,eastern,Kaktovik Lagoon,70.0907,-143.6593,122,-20.83,13.18, 3.87
SACO041,Saffron Cod,2017-08-08,eastern,Kaktovik Lagoon,70.0907,-143.6593,112,-19.81,13.22, 3.87
SACO042,Saffron Cod,2017-08-08,eastern,Kaktovik Lagoon,70.0907,-143.6593,125,-19.58,13.56, 3.88
SACO043,Saffron Cod,2017-08-08,eastern,Kaktovik Lagoon,70.0907,-143.6593,138,-19.22,13.76, 3.85
SACO044,Saffron Cod,2018-08-14,eastern,Kaktovik Lagoon,70.0907,-143.6593,123,-20.46,13.62, 3.81
SACO045,Saffron Cod,2018-08-14,eastern,Kaktovik Lagoon,70.0907,-143.6593,278,-19.66,15.24, 3.77
SACO046,Saffron Cod,2018-08-14,eastern,Kaktovik Lagoon,70.0907,-143.6593,239,-19.44,15.17, 3.80
SACO047,Saffron Cod,2017-08-08,eastern,Kaktovik Lagoon,70.0907,-143.6593,126,-19.11,13.72, 3.79
SACO048,Saffron Cod,2017-08-08,eastern,Kaktovik Lagoon,70.0907,-143.6593,138,-19.80,13.26, 3.82
SACO049,Saffron Cod,2017-08-09,eastern,Kaktovik Lagoon,70.0907,-143.6593,111,-19.63,12.45, 3.81
SACO050,Saffron Cod,2017-08-09,eastern,Kaktovik Lagoon,70.0907,-143.6593,118,-19.60,13.56, 3.85
SACO051,Saffron Cod,2017-08-09,eastern,Kaktovik Lagoon,70.0907,-143.6593,121,-19.44,13.23, 3.83
SACO052,Saffron Cod,2017-08-09,eastern,Kaktovik Lagoon,70.0907,-143.6593,130,-19.01,13.80, 3.83
SACO053,Saffron Cod,2017-08-10,eastern,Kaktovik Lagoon,70.0907,-143.6593,142,-19.22,13.53, 3.82
SACO054,Saffron Cod,2017-08-10,eastern,Kaktovik Lagoon,70.0907,-143.6593,115,-19.74,13.56, 3.83
SACO055,Saffron Cod,2017-08-10,eastern,Kaktovik Lagoon,70.0907,-143.6593,122,-18.94,13.68, 3.83
SACO056,Saffron Cod,2017-08-10,eastern,Kaktovik Lagoon,70.0907,-143.6593,151,-19.03,13.68, 3.80
SACO057,Saffron Cod,2017-08-10,eastern,Kaktovik Lagoon,70.0907,-143.6593,86,-20.28,14.35, 3.86
SACO058,Saffron Cod,2017-08-10,eastern,Kaktovik Lagoon,70.0907,-143.6593,217,-18.85,14.35, 3.77
SACO059,Saffron Cod,2018-08-12,eastern,Kaktovik Lagoon,70.0907,-143.6593,172,-20.14,13.63, 3.83
SACO060,Saffron Cod,2018-08-12,eastern,Kaktovik Lagoon,70.0907,-143.6593,181,-20.24,14.72, 3.79
SACO061,Saffron Cod,2018-08-12,eastern,Kaktovik Lagoon,70.0907,-143.6593,211,-18.96,14.91, 3.54
SACO062,Saffron Cod,2018-08-12,eastern,Kaktovik Lagoon,70.0907,-143.6593,224,-20.01,13.69, 4.03
SACO063,Saffron Cod,2017-08-09,eastern,Kaktovik Lagoon,70.0907,-143.6593,108,-20.00,13.69, 4.20
SACO064,Saffron Cod,2017-08-09,eastern,Kaktovik Lagoon,70.0907,-143.6593,103,-20.54,12.92, 3.29
SACO065,Saffron Cod,2017-08-09,eastern,Kaktovik Lagoon,70.0907,-143.6593,139,-19.17,13.55, 4.57
SACO066,Saffron Cod,2017-08-09,eastern,Kaktovik Lagoon,70.0907,-143.6593,146,-19.38,13.43, 3.24
SACO067,Saffron Cod,2017-08-09,eastern,Kaktovik Lagoon,70.0907,-143.6593,135,-19.97,12.55, 4.01
SACO068,Saffron Cod,2017-08-09,eastern,Kaktovik Lagoon,70.0907,-143.6593,208,-19.17,13.29, 4.11
SACO069,Saffron Cod,2018-08-11,eastern,Kaktovik Lagoon,70.0907,-143.6593,202,-20.00,13.77, 3.44
SACO070,Saffron Cod,2018-08-11,eastern,Kaktovik Lagoon,70.0907,-143.6593,270,-19.36,14.74, 3.67
SACO071,Saffron Cod,2018-08-11,eastern,Kaktovik Lagoon,70.0907,-143.6593,353,-18.91,15.09, 4.05
SACO072,Saffron Cod,2018-08-12,eastern,Kaktovik Lagoon,70.0907,-143.6593,174,-19.78,13.92, 4.09
SACO073,Saffron Cod,2018-08-12,eastern,Kaktovik Lagoon,70.0907,-143.6593,200,-21.02,15.22, 3.80
SACO074,Saffron Cod,2018-08-12,eastern,Kaktovik Lagoon,70.0907,-143.6593,98,-22.21,12.83, 3.93
SACO075,Saffron Cod,2018-08-12,eastern,Kaktovik Lagoon,70.0907,-143.6593,201,-19.26,13.56, 3.80
SACO076,Saffron Cod,2018-08-12,eastern,Kaktovik Lagoon,70.0907,-143.6593,295,-19.25,14.72, 3.78
SACO077,Saffron Cod,2018-08-11,eastern,Kaktovik Lagoon,70.0907,-143.6593,167,-20.29,13.37, 3.77
SACO078,Saffron Cod,2018-08-11,eastern,Kaktovik Lagoon,70.0907,-143.6593,260,-17.75,17.71, 3.78
SACO079,Saffron Cod,2018-08-11,eastern,Kaktovik Lagoon,70.0907,-143.6593,283,-20.26,13.63, 3.80
SACO080,Saffron Cod,2018-08-11,eastern,Kaktovik Lagoon,70.0907,-143.6593,363,-19.57,14.47, 3.84
SACO081,Saffron Cod,2018-07-23,central,Stefansson Sound,70.2929,-147.7982,189,-21.48,13.12, 3.83
SACO082,Saffron Cod,2018-07-21,central,Stefansson Sound,70.2929,-147.7982,82,-21.67,15.23, 3.89
SACO083,Saffron Cod,2018-07-21,central,Stefansson Sound,70.2929,-147.7982,197,-21.78,15.27, 3.88
SACO084,Saffron Cod,2018-07-22,central,Stefansson Sound,70.2767,-147.7777,228,-22.17,14.53, 3.85
SACO085,Saffron Cod,2018-07-22,central,Stefansson Sound,70.2767,-147.7777,233,-21.23,14.21, 3.89
SACO086,Saffron Cod,2018-07-23,central,Stefansson Sound,70.2767,-147.7777,215,-21.47,13.05, 3.85
SACO087,Saffron Cod,2018-07-23,central,Stefansson Sound,70.2767,-147.7777,229,-20.50,15.49, 3.88
SACO088,Saffron Cod,2018-07-23,central,Stefansson Sound,70.2929,-147.7982,223,-18.70,17.37, 3.87
SACO089,Saffron Cod,2018-07-23,central,Stefansson Sound,70.2929,-147.7982,245,-19.22,17.76, 3.89
SACO090,Saffron Cod,2018-07-22,central,Stefansson Sound,70.2929,-147.7982,288,-19.59,17.93, 3.83
SACO091,Saffron Cod,2018-08-11,eastern,Jago Lagoon,70.0918,-143.3705,166,-20.25,13.67, 3.82
SACO092,Saffron Cod,2018-08-14,eastern,Jago Lagoon,70.0918,-143.3705,192,-20.02,14.57, 3.81
SACO093,Saffron Cod,2018-08-12,eastern,Jago Lagoon,70.0918,-143.3705,178,-19.28,14.10, 3.82
SACO094,Saffron Cod,2018-08-12,eastern,Jago Lagoon,70.0918,-143.3705,217,-19.06,14.04, 3.78
SACO095,Saffron Cod,2018-08-14,eastern,Jago Lagoon,70.0918,-143.3705,136,-20.82,12.54, 3.89
SACO096,Saffron Cod,2018-08-14,eastern,Jago Lagoon,70.0918,-143.3705,116,-20.31,12.81, 3.88
SACO097,Saffron Cod,2018-08-14,eastern,Jago Lagoon,70.0918,-143.3705,135,-20.44,13.59, 3.84
SACO098,Saffron Cod,2018-08-14,eastern,Jago Lagoon,70.0918,-143.3705,200,-18.93,15.65, 3.80
SACO099,Saffron Cod,2018-08-12,eastern,Jago Lagoon,70.0918,-143.3705,177,-19.75,13.80, 3.81
SACO100,Saffron Cod,2018-08-12,eastern,Jago Lagoon,70.0918,-143.3705,176,-20.81,13.98, 3.83
SACO101,Saffron Cod,2018-08-12,eastern,Jago Lagoon,70.0918,-143.3705,183,-19.60,14.41, 3.84
SACO102,Saffron Cod,2018-08-12,eastern,Jago Lagoon,70.0918,-143.3705,228,-20.10,14.28, 3.81
SACO103,Saffron Cod,2018-08-11,eastern,Jago Lagoon,70.0918,-143.3705,195,-19.79,14.37, 3.87
SACO104,Saffron Cod,2018-08-11,eastern,Jago Lagoon,70.0918,-143.3705,185,-20.14,14.32, 3.83
SACO105,Saffron Cod,2018-08-11,eastern,Jago Lagoon,70.0918,-143.3705,350,-21.53,15.09, 3.86
SACO106,Saffron Cod,2018-08-16,eastern,Jago Lagoon,70.0936,-143.4891,183,-20.18,13.55, 3.81
SACO107,Saffron Cod,2018-08-14,eastern,Jago Lagoon,70.0918,-143.3705,213,-20.08,14.02, 3.80
SACO108,Saffron Cod,2017-08-09,eastern,Jago Lagoon,70.0870,-143.4750,120,-20.12,13.39, 3.88
SACO110,Saffron Cod,2017-08-09,eastern,Jago Lagoon,70.0870,-143.4750,126,-20.39,13.21, 3.84
SACO111,Saffron Cod,2017-08-09,eastern,Jago Lagoon,70.0870,-143.4750,186,-19.57,13.93, 3.82
SACO112,Saffron Cod,2017-08-09,eastern,Jago Lagoon,70.0870,-143.4750,221,-19.50,13.17, 3.80
SACO113,Saffron Cod,2018-07-26,central,Simpson Lagoon,70.5156,-149.4676,244,-20.96,15.61, 3.78
SACO114,Saffron Cod,2018-08-16,eastern,Kaktovik Lagoon,70.1299,-143.5651,104,-20.73,13.52, 3.97
SACO115,Saffron Cod,2018-08-16,eastern,Kaktovik Lagoon,70.1299,-143.5651,134,-21.98,14.18, 3.79
SACO116,Saffron Cod,2018-08-16,eastern,Kaktovik Lagoon,70.1299,-143.5651,167,-20.86,14.45, 3.85
SACO117,Saffron Cod,2018-07-23,central,Stefansson Sound,70.2767,-147.7777,259,-19.58,17.01, 3.86
SACO118,Saffron Cod,2018-07-23,central,Stefansson Sound,70.2767,-147.7777,275,-19.08,16.75, 3.73
SACO119,Saffron Cod,2018-08-16,eastern,Kaktovik Lagoon,70.1299,-143.5651,358,-18.74,15.67, 3.80
SACO120,Saffron Cod,2018-08-16,eastern,Kaktovik Lagoon,70.1293,-143.5582,385,-20.45,15.05, 3.87
SACO121,Saffron Cod,2018-07-23,central,Stefansson Sound,70.2767,-147.7777,381,-21.31,15.02, 3.85
SACO122,Saffron Cod,2018-08-12,eastern,Kaktovik Lagoon,70.1098,-143.5167,401,-18.59,16.21, 3.83
SACO123,Saffron Cod,2018-08-12,eastern,Kaktovik Lagoon,70.1098,-143.5167,437,-19.19,16.15, 3.83
SACO124,Saffron Cod,2018-08-12,eastern,Kaktovik Lagoon,70.1098,-143.5167,443,-18.81,17.23, 3.80
SACO125,Saffron Cod,2018-08-12,eastern,Jago Lagoon,70.0870,-143.4750,422,-18.22,17.52, 3.82
SACO126,Saffron Cod,2018-08-12,eastern,Jago Lagoon,70.0918,-143.3705,410,-18.95,16.88, 3.82
SACO127,Saffron Cod,2018-08-12,eastern,Jago Lagoon,70.0918,-143.3705,463,-19.41,17.17, 3.87
SACO128,Saffron Cod,2018-08-12,eastern,Jago Lagoon,70.0918,-143.3705,415,-22.38,15.77, 3.83
SACO129,Saffron Cod,2018-08-12,eastern,Jago Lagoon,70.0918,-143.3705,367,-19.25,15.81, 3.83
SACO130,Saffron Cod,2018-08-12,eastern,Kaktovik Lagoon,70.1098,-143.5167,422,-17.98,16.90, 3.81
SACO131,Saffron Cod,2018-08-12,eastern,Kaktovik Lagoon,70.1098,-143.5167,393,-18.73,16.37, 3.78
SACO132,Saffron Cod,2018-08-12,eastern,Kaktovik Lagoon,70.1098,-143.5167,353,-21.25,15.66, 3.85
SACO133,Saffron Cod,2018-08-12,eastern,Kaktovik Lagoon,70.1098,-143.5167,447,-19.22,16.54, 3.72
SACO134,Saffron Cod,2018-08-12,eastern,Jago Lagoon,70.0870,-143.4750,374,-19.20,16.40, 3.84
SACO135,Saffron Cod,2018-08-12,eastern,Jago Lagoon,70.0870,-143.4750,382,-18.85,16.22, 3.80
SACO136,Saffron Cod,2018-08-12,eastern,Kaktovik Lagoon,70.0907,-143.6593,384,-21.35,16.30, 3.73
SACO137,Saffron Cod,2018-08-11,eastern,Kaktovik Lagoon,70.1098,-143.5167,398,-18.98,16.28, 3.89
SACO138,Saffron Cod,2018-08-11,eastern,Kaktovik Lagoon,70.1098,-143.5167,457,-19.17,16.15, 3.74
SACO139,Saffron Cod,2018-08-11,eastern,Jago Lagoon,70.0870,-143.4750,404,-19.03,16.39, 3.75
SACO140,Saffron Cod,2018-08-11,eastern,Jago Lagoon,70.0870,-143.4750,384,-18.60,15.95, 3.83
SACO141,Saffron Cod,2018-08-11,eastern,Jago Lagoon,70.0918,-143.3705,366,-20.04,15.54, 3.84
SACO142,Saffron Cod,2018-08-11,eastern,Kaktovik Lagoon,70.1098,-143.5167,403,-18.87,15.28, 3.81
SACO143,Saffron Cod,2018-08-11,eastern,Kaktovik Lagoon,70.1098,-143.5167,417,-18.15,16.13, 3.38
SACO144,Saffron Cod,2018-08-11,eastern,Kaktovik Lagoon,70.1098,-143.5167,407,-18.99,16.25, 3.96
SACO145,Saffron Cod,2018-08-11,eastern,Kaktovik Lagoon,70.1098,-143.5167,376,-18.10,15.74, 4.15
SACO146,Saffron Cod,2018-08-11,eastern,Kaktovik Lagoon,70.1098,-143.5167,377,-18.72,16.68, 3.42
SACO147,Saffron Cod,2018-08-11,eastern,Kaktovik Lagoon,70.1098,-143.5167,399,-18.57,16.02, 4.03
SACO148,Saffron Cod,2018-08-11,eastern,Jago Lagoon,70.0870,-143.4750,376,-19.20,15.37, 3.83
SACO149,Saffron Cod,2018-08-11,eastern,Jago Lagoon,70.0870,-143.4750,407,-18.31,16.14, 3.62
SACO150,Saffron Cod,2018-08-11,eastern,Jago Lagoon,70.0870,-143.4750,412,-19.07,15.59, 4.00
SACO151,Saffron Cod,2018-08-11,eastern,Jago Lagoon,70.0918,-143.3705,406,-21.02,15.32, 3.78
SACO152,Saffron Cod,2018-08-11,eastern,Jago Lagoon,70.0918,-143.3705,374,-21.59,14.81, 3.10
SACO153,Saffron Cod,2018-08-11,eastern,Jago Lagoon,70.0918,-143.3705,394,-19.43,15.48, 4.07
SACO154,Saffron Cod,2018-08-11,eastern,Jago Lagoon,70.0918,-143.3705,355,-20.69,14.70, 3.91
SACO155,Saffron Cod,2018-08-11,eastern,Jago Lagoon,70.0918,-143.3705,421,-18.52,17.29, 3.91
SACO156,Saffron Cod,2017-08-08,eastern,Jago Lagoon,70.0870,-143.4750,376,-17.87,14.75, 3.91
SACO157,Saffron Cod,2017-08-08,eastern,Jago Lagoon,70.0870,-143.4750,412,-18.10,15.87, 3.93
SACO158,Saffron Cod,2017-08-10,eastern,Jago Lagoon,70.0870,-143.4750,320,-18.11,15.57, 3.89
SACO159,Saffron Cod,2017-08-10,eastern,Jago Lagoon,70.0870,-143.4750,428,-17.73,15.63, 3.85
SACO160,Saffron Cod,2017-08-10,eastern,Jago Lagoon,70.0870,-143.4750,451,-19.31,15.43, 3.86
SACO161,Saffron Cod,2017-08-07,eastern,Kaktovik Lagoon,70.0907,-143.6593,470,-19.21,15.43, 3.90
SACO162,Saffron Cod,2017-08-07,eastern,Jago Lagoon,70.0870,-143.4750,440,-18.94,15.87, 3.95
SACO163,Saffron Cod,2017-08-08,eastern,Jago Lagoon,70.0870,-143.4750,457,-18.44,16.96, 3.84
SACO171,Saffron Cod,2019-07-28,central,Simpson Lagoon,70.5156,-149.4676,130,-21.11,15.54, 4.12
SACO172,Saffron Cod,2019-07-28,central,Simpson Lagoon,70.5156,-149.4676,102,-21.15,14.94, 4.02
SACO173,Saffron Cod,2019-07-28,central,Simpson Lagoon,70.5156,-149.4676,165,-21.83,14.20, 4.07
SACO174,Saffron Cod,2019-07-28,central,Simpson Lagoon,70.5156,-149.4676,255,-21.72,14.31, 3.98
SACO175,Saffron Cod,2019-07-28,central,Simpson Lagoon,70.5156,-149.4676,255,-21.82,14.15, 4.03
SACO176,Saffron Cod,2019-07-28,central,Simpson Lagoon,70.5156,-149.4676,272,-22.00,13.97, 4.14
SACO177,Saffron Cod,2019-08-13,eastern,Kaktovik Lagoon,70.0907,-143.6593,366,-19.35,14.86, 3.85
SACO178,Saffron Cod,2019-08-13,eastern,Kaktovik Lagoon,70.0907,-143.6593,375,-18.83,15.81, 3.89
SACO179,Saffron Cod,2019-08-13,eastern,Kaktovik Lagoon,70.0907,-143.6593,405,-19.75,15.32, 3.83
SACO180,Saffron Cod,2019-08-13,eastern,Kaktovik Lagoon,70.0907,-143.6593,396,-18.47,14.75, 3.82
SACO181,Saffron Cod,2019-08-13,eastern,Kaktovik Lagoon,70.1098,-143.5167,381,-20.01,14.37, 3.90
SACO182,Saffron Cod,2019-08-13,eastern,Kaktovik Lagoon,70.1098,-143.5167,390,-19.43,15.32, 3.85
SACO183,Saffron Cod,2019-08-13,eastern,Kaktovik Lagoon,70.1098,-143.5167,395,-20.00,14.71, 3.82
SACO184,Saffron Cod,2019-08-13,eastern,Kaktovik Lagoon,70.1098,-143.5167,205,-19.79,13.83, 3.86
SACO185,Saffron Cod,2019-08-13,eastern,Kaktovik Lagoon,70.1098,-143.5167,398,-18.43,15.09, 3.85
SACO186,Saffron Cod,2019-08-13,eastern,Kaktovik Lagoon,70.1098,-143.5167,385,-19.26,15.62, 3.86
SACO187,Saffron Cod,2019-08-13,eastern,Kaktovik Lagoon,70.1098,-143.5167,370,-19.40,15.19, 3.85
SACO188,Saffron Cod,2019-08-13,eastern,Kaktovik Lagoon,70.1098,-143.5167,417,-19.67,15.16, 4.11
SACO189,Saffron Cod,2019-08-13,eastern,Kaktovik Lagoon,70.1098,-143.5167,449,-18.19,15.20, 3.79
SACO190,Saffron Cod,2019-08-13,eastern,Kaktovik Lagoon,70.1098,-143.5167,408,-19.14,14.81, 3.78
SACO191,Saffron Cod,2019-08-13,eastern,Jago Lagoon,70.0870,-143.4750,424,-18.64,15.95, 3.79
SACO192,Saffron Cod,2019-08-13,eastern,Jago Lagoon,70.0870,-143.4750,378,-19.73,14.95, 3.87
SACO193,Saffron Cod,2019-08-13,eastern,Jago Lagoon,70.0870,-143.4750,414,-18.83,15.91, 3.82
SACO194,Saffron Cod,2019-08-13,eastern,Jago Lagoon,70.0870,-143.4750,392,-19.21,15.76, 3.86
SACO195,Saffron Cod,2019-08-13,eastern,Jago Lagoon,70.0870,-143.4750,424,-18.64,16.26, 3.83
SACO196,Saffron Cod,2019-08-13,eastern,Jago Lagoon,70.0870,-143.4750,423,-18.29,15.31, 3.88
SACO197,Saffron Cod,2019-08-13,eastern,Jago Lagoon,70.0918,-143.3705,279,-20.74,14.50, 3.84
SACO198,Saffron Cod,2019-08-13,eastern,Jago Lagoon,70.0918,-143.3705,418,-19.05,15.82, 3.46
SACO199,Saffron Cod,2019-08-13,eastern,Jago Lagoon,70.0918,-143.3705,392,-19.27,15.44, 3.89
SACO200,Saffron Cod,2019-08-13,eastern,Jago Lagoon,70.0918,-143.3705,310,-20.13,14.37, 3.85
SACO201,Saffron Cod,2019-08-13,eastern,Jago Lagoon,70.0918,-143.3705,400,-19.01,16.08, 3.91
SACO202,Saffron Cod,2019-08-13,eastern,Jago Lagoon,70.0918,-143.3705,425,-18.72,16.03, 3.94
SACO203,Saffron Cod,2019-07-22,central,Simpson Lagoon,70.5156,-149.4676,143,-22.38,12.95, 2.93
SACO204,Saffron Cod,2019-07-22,central,Simpson Lagoon,70.5156,-149.4676,167,-19.57,17.70, 4.66
SACO205,Saffron Cod,2019-07-23,central,Simpson Lagoon,70.5156,-149.4676,174,-21.75,12.90, 4.86
SACO206,Saffron Cod,2019-07-23,central,Simpson Lagoon,70.5156,-149.4676,178,-19.83,17.02, 2.70
SACO207,Saffron Cod,2019-07-23,central,Simpson Lagoon,70.4986,-149.5987,242,-21.59,13.13, 4.77
SACO208,Saffron Cod,2019-07-23,central,Simpson Lagoon,70.4986,-149.5987,244,-21.91,13.23, 3.47
SACO209,Saffron Cod,2019-08-13,eastern,Jago Lagoon,70.0918,-143.3705,174,-19.93,13.05, 4.46
SACO210,Saffron Cod,2019-08-13,eastern,Jago Lagoon,70.0918,-143.3705,214,-19.45,14.86, 3.14
SACO211,Saffron Cod,2019-07-28,central,Simpson Lagoon,70.5156,-149.4676,232,-21.84,13.29, 4.50
SACO212,Saffron Cod,2019-07-28,central,Simpson Lagoon,70.5156,-149.4676,152,-21.28,14.55, 4.64
SACO213,Saffron Cod,2019-07-28,central,Simpson Lagoon,70.5156,-149.4676,201,-19.70,16.87, 4.18
SACO214,Saffron Cod,2019-07-28,central,Simpson Lagoon,70.5156,-149.4676,195,-20.45,16.07, 4.22
SACO215,Saffron Cod,2019-07-28,central,Simpson Lagoon,70.5156,-149.4676,211,-20.10,16.54, 4.02
SACO216,Saffron Cod,2019-07-28,central,Simpson Lagoon,70.5156,-149.4676,283,-22.15,13.95, 4.10
SACO217,Saffron Cod,2019-07-28,central,Simpson Lagoon,70.5156,-149.4676,400,-21.51,15.11, 3.96
THST001,Threespine Stickleback,2019-07-30,central,Stefansson Sound,70.2767,-147.7777,81,-20.42,13.64, 4.42
THST002,Threespine Stickleback,2019-07-23,central,Simpson Lagoon,70.5156,-149.4676,80,-21.12,12.51, 4.55
THST003,Threespine Stickleback,2019-07-23,central,Simpson Lagoon,70.5156,-149.4676,75,-20.68,14.15, 4.73
THST004,Threespine Stickleback,2019-07-23,central,Simpson Lagoon,70.4986,-149.5987,79,-20.32,13.20, 4.31
THST005,Threespine Stickleback,2019-07-23,central,Simpson Lagoon,70.4986,-149.5987,75,-20.98,13.47, 4.28
THST006,Threespine Stickleback,2019-07-22,central,Simpson Lagoon,70.5156,-149.4676,76,-20.00,14.07, 3.89
THST007,Threespine Stickleback,2019-07-22,central,Simpson Lagoon,70.5156,-149.4676,85,-20.30,14.19, 3.89
THST008,Threespine Stickleback,2019-07-22,central,Simpson Lagoon,70.5156,-149.4676,74,-20.57,14.08, 4.04
THST009,Threespine Stickleback,2019-07-22,central,Simpson Lagoon,70.5156,-149.4676,82,-20.51,12.93, 3.88
THST010,Threespine Stickleback,2019-07-22,central,Simpson Lagoon,70.5156,-149.4676,78,-19.99,14.16, 3.98
THST011,Threespine Stickleback,2019-07-28,central,Simpson Lagoon,70.4986,-149.5987,74,-20.23,13.63, 3.79
THST012,Threespine Stickleback,2019-07-28,central,Simpson Lagoon,70.4986,-149.5987,82,-20.21,14.04, 4.02
THST013,Threespine Stickleback,2019-08-13,eastern,Jago Lagoon,70.0870,-143.4750,77,-20.33,14.04, 3.98
